"id","date","app_user_id","rating_id"
1,"2020-03-13 09:49:44+00",2,1
2,"2020-03-05 09:55:19+00",2,2
3,"2020-03-13 11:15:07+00",2,5
4,"2020-03-13 13:44:01+00",2,7
7,"2020-03-19 09:19:58+00",11,12
8,"2020-03-19 17:13:19+00",11,13
9,"2020-03-19 17:13:42+00",11,14
10,"2020-03-19 17:15:44+00",11,15
11,"2020-03-19 17:15:59+00",11,16
12,"2020-03-19 17:16:30+00",11,17
13,"2020-03-19 17:17:31+00",11,18
14,"2020-03-19 17:19:22+00",11,19
16,"2020-03-19 22:16:21+00",13,22
20,"2020-03-24 19:46:00+00",26,27
21,"2020-03-25 20:53:56+00",32,28
22,"2020-03-27 11:13:47+00",34,30
23,"2020-03-31 09:36:02+00",44,32
24,"2020-04-01 04:17:00+00",46,33
25,"2020-04-02 11:26:12+00",41,35
26,"2020-04-02 11:26:25+00",41,36
27,"2020-04-03 11:43:39+00",52,37
28,"2020-04-04 06:06:25+00",53,39
29,"2020-04-04 06:10:14+00",53,40
30,"2020-04-04 22:16:39+00",13,41
31,"2020-04-05 13:25:51+00",53,43
32,"2020-04-06 07:03:02+00",57,44
33,"2020-04-16 15:51:50+00",62,45
34,"2020-04-21 22:48:39+00",74,46
35,"2020-04-23 19:58:08+00",77,47
36,"2020-04-28 15:23:38+00",80,48
37,"2020-05-03 09:58:06+00",84,49
38,"2020-05-06 17:50:37+00",3,50
39,"2020-05-07 09:32:46+00",86,53
40,"2020-05-07 09:32:55+00",86,54
41,"2020-05-07 09:41:17+00",41,55
42,"2020-05-07 09:42:36+00",41,56
44,"2020-05-08 07:47:29+00",11,61
45,"2020-05-08 07:47:48+00",11,62
46,"2020-05-08 07:51:04+00",11,63
47,"2020-05-08 07:51:51+00",11,64
50,"2020-05-10 00:23:16+00",91,68
51,"2020-05-10 11:44:55+00",86,70
52,"2020-05-16 18:21:59+00",2,76
53,"2020-05-16 18:22:17+00",2,77
54,"2020-05-16 18:29:28+00",2,79
55,"2020-05-16 18:29:45+00",2,80
56,"2020-05-16 19:16:54+00",98,83
57,"2020-05-18 10:45:42+00",2,84
58,"2020-05-18 10:46:13+00",2,85
60,"2020-05-19 04:20:43+00",2,88
65,"2020-05-20 09:25:06+00",2,94
66,"2020-05-20 09:25:36+00",2,95
70,"2020-05-20 09:57:13+00",2,99
71,"2020-05-20 09:57:41+00",2,100
75,"2020-05-20 12:49:29+00",108,104
76,"2020-05-20 14:23:44+00",2,106
77,"2020-05-20 14:24:06+00",2,107
78,"2020-05-21 06:12:09+00",111,109
79,"2020-05-22 01:48:18+00",114,110
80,"2020-05-24 07:57:00+00",117,112
81,"2020-05-25 20:03:36+00",120,114
82,"2020-05-26 17:21:23+00",124,115
83,"2020-05-26 21:21:54+00",127,116
84,"2020-05-27 05:54:03+00",128,119
85,"2020-05-27 07:57:46+00",122,120
86,"2020-05-27 15:14:27+00",108,122
87,"2020-05-29 02:03:22+00",132,123
88,"2020-05-29 15:19:21+00",134,124
89,"2020-05-29 15:24:54+00",2,125
90,"2020-05-29 21:02:01+00",136,127
91,"2020-05-31 19:03:49+00",139,129
92,"2020-05-31 20:41:49+00",140,130
93,"2020-06-01 08:04:07+00",141,131
94,"2020-06-01 14:45:30+00",141,132
95,"2020-06-01 19:34:54+00",143,133
96,"2020-06-03 16:10:22+00",108,134
97,"2020-06-03 16:21:21+00",147,135
98,"2020-06-04 01:30:35+00",136,136
99,"2020-06-04 09:04:07+00",150,138
100,"2020-06-05 10:58:10+00",140,139
101,"2020-06-05 23:11:14+00",149,140
102,"2020-06-06 01:58:53+00",160,142
103,"2020-06-06 13:30:40+00",165,144
104,"2020-06-07 00:41:44+00",165,145
105,"2020-06-07 14:04:44+00",167,146
106,"2020-06-07 18:18:14+00",169,147
107,"2020-06-07 20:58:17+00",170,149
108,"2020-06-08 18:08:34+00",177,150
109,"2020-06-08 22:29:29+00",179,151
110,"2020-06-10 10:07:43+00",177,153
111,"2020-06-10 11:40:14+00",184,154
113,"2020-06-10 22:39:24+00",188,156
114,"2020-06-11 17:02:11+00",186,157
116,"2020-06-12 12:18:43+00",188,159
117,"2020-06-12 18:25:09+00",194,160
118,"2020-06-12 22:14:59+00",195,162
119,"2020-06-13 16:51:06+00",197,164
120,"2020-06-13 19:10:48+00",194,165
121,"2020-06-14 00:52:34+00",199,166
122,"2020-06-14 09:33:03+00",201,167
123,"2020-06-14 13:20:37+00",208,168
124,"2020-06-14 15:05:50+00",211,169
125,"2020-06-14 16:31:07+00",194,170
126,"2020-06-14 17:50:35+00",213,171
127,"2020-06-14 20:35:15+00",207,175
128,"2020-06-14 20:45:11+00",201,176
129,"2020-06-14 20:47:47+00",207,177
130,"2020-06-14 22:08:21+00",213,178
131,"2020-06-14 22:08:32+00",213,179
132,"2020-06-15 03:58:08+00",209,182
133,"2020-06-15 06:42:30+00",225,183
134,"2020-06-15 07:41:11+00",226,184
135,"2020-06-15 07:58:19+00",226,186
136,"2020-06-15 08:20:19+00",206,187
137,"2020-06-15 10:35:22+00",227,188
138,"2020-06-15 10:47:19+00",213,191
139,"2020-06-15 14:24:09+00",208,192
140,"2020-06-15 14:26:00+00",202,193
141,"2020-06-15 18:28:05+00",136,194
142,"2020-06-15 20:42:34+00",222,195
143,"2020-06-15 21:49:14+00",224,196
144,"2020-06-15 23:36:19+00",216,198
145,"2020-06-15 23:42:40+00",209,200
146,"2020-06-16 01:36:38+00",230,202
147,"2020-06-16 01:41:10+00",230,203
148,"2020-06-16 11:33:43+00",197,205
149,"2020-06-16 14:00:30+00",208,206
150,"2020-06-16 15:03:09+00",202,207
151,"2020-06-16 15:50:42+00",213,208
153,"2020-06-16 18:51:08+00",230,210
154,"2020-06-16 18:51:33+00",230,211
156,"2020-06-16 18:51:56+00",230,213
157,"2020-06-16 20:48:52+00",174,214
158,"2020-06-17 01:24:36+00",202,215
159,"2020-06-17 10:09:18+00",231,216
160,"2020-06-17 14:06:12+00",208,217
161,"2020-06-17 23:59:11+00",202,219
194,"2020-06-18 06:47:22+00",223,252
195,"2020-06-18 14:07:10+00",208,253
196,"2020-06-18 18:45:31+00",270,254
197,"2020-06-19 09:21:19+00",194,256
198,"2020-06-19 11:08:28+00",208,257
199,"2020-06-19 12:04:08+00",213,258
200,"2020-06-19 14:30:31+00",209,259
201,"2020-06-19 18:26:59+00",13,260
202,"2020-06-19 19:05:04+00",202,261
203,"2020-06-19 19:42:58+00",270,262
204,"2020-06-19 19:44:01+00",270,263
205,"2020-06-20 01:35:09+00",209,264
206,"2020-06-20 02:19:03+00",192,265
208,"2020-06-20 14:15:16+00",208,268
209,"2020-06-20 19:01:42+00",202,269
210,"2020-06-20 22:34:36+00",278,270
211,"2020-06-21 14:09:55+00",209,272
212,"2020-06-21 18:34:30+00",205,273
213,"2020-06-21 21:06:53+00",270,274
214,"2020-06-21 21:20:20+00",281,275
215,"2020-06-21 22:14:33+00",208,276
216,"2020-06-20 11:41:45+00",277,277
217,"2020-06-22 01:53:15+00",277,278
218,"2020-06-22 14:55:47+00",288,279
219,"2020-06-22 15:06:33+00",209,280
220,"2020-06-22 19:26:35+00",208,281
221,"2020-06-22 20:59:05+00",290,282
222,"2020-06-23 02:36:54+00",202,284
223,"2020-06-23 15:52:16+00",224,285
224,"2020-06-23 23:44:40+00",290,286
225,"2020-06-24 09:38:14+00",226,288
226,"2020-06-24 12:36:18+00",303,289
227,"2020-06-24 18:24:29+00",304,290
228,"2020-06-24 19:13:05+00",305,291
229,"2020-06-24 19:15:05+00",74,292
230,"2020-06-25 11:55:09+00",309,293
231,"2020-06-25 19:16:12+00",288,294
232,"2020-06-25 22:33:12+00",299,295
233,"2020-06-25 23:08:56+00",278,296
235,"2020-06-26 03:44:33+00",311,298
236,"2020-06-26 06:50:50+00",293,299
237,"2020-06-26 15:10:04+00",208,300
238,"2020-06-26 19:17:04+00",316,301
239,"2020-06-26 20:18:47+00",281,302
240,"2020-06-27 10:56:59+00",227,303
241,"2020-06-27 11:01:36+00",227,304
242,"2020-06-27 12:14:44+00",320,306
243,"2020-06-27 14:24:15+00",208,307
244,"2020-06-27 21:41:05+00",321,308
245,"2020-06-27 22:37:25+00",309,309
246,"2020-06-27 22:48:02+00",311,310
247,"2020-06-28 01:31:53+00",321,311
248,"2020-06-28 02:18:58+00",316,313
249,"2020-06-28 08:25:16+00",321,314
250,"2020-06-28 14:35:39+00",208,316
251,"2020-06-28 17:47:10+00",202,317
252,"2020-06-28 20:52:33+00",299,318
253,"2020-06-28 23:14:23+00",321,319
254,"2020-06-28 23:57:55+00",322,320
255,"2020-06-29 09:23:58+00",299,321
256,"2020-06-29 15:18:31+00",299,322
257,"2020-06-29 15:18:41+00",299,323
258,"2020-06-29 15:54:46+00",202,324
259,"2020-06-29 19:09:28+00",208,325
260,"2020-06-30 04:03:50+00",321,326
261,"2020-06-30 06:35:57+00",2,328
262,"2020-06-30 06:51:58+00",293,329
263,"2020-06-30 13:26:16+00",321,330
264,"2020-06-30 14:03:28+00",208,331
265,"2020-06-30 17:29:52+00",202,332
266,"2020-06-30 21:13:54+00",299,333
267,"2020-07-01 11:37:49+00",321,334
269,"2020-07-01 21:27:13+00",338,336
270,"2020-07-02 19:54:03+00",340,337
273,"2020-07-04 17:55:50+00",208,344
274,"2020-07-05 02:14:59+00",343,345
275,"2020-07-05 04:13:45+00",328,346
276,"2020-07-05 06:16:23+00",344,347
277,"2020-07-05 14:00:36+00",208,349
278,"2020-07-05 14:43:15+00",224,350
279,"2020-07-05 18:23:42+00",346,351
280,"2020-07-05 18:59:13+00",347,352
281,"2020-07-05 20:22:02+00",345,353
282,"2020-07-06 09:36:33+00",350,355
283,"2020-07-07 10:07:01+00",353,356
284,"2020-07-07 11:48:50+00",356,357
285,"2020-07-07 13:08:45+00",299,358
286,"2020-07-07 20:05:59+00",357,365
287,"2020-07-08 01:20:15+00",46,366
288,"2020-07-08 02:03:31+00",337,368
289,"2020-07-08 03:40:19+00",360,369
290,"2020-07-08 08:47:57+00",356,370
291,"2020-07-08 14:03:13+00",362,376
292,"2020-07-09 01:16:57+00",363,377
293,"2020-07-09 03:58:09+00",365,378
294,"2020-07-09 15:39:38+00",362,379
295,"2020-07-09 18:49:13+00",370,380
296,"2020-07-10 00:03:09+00",373,381
297,"2020-07-10 00:31:16+00",374,382
298,"2020-07-10 03:07:04+00",363,383
299,"2020-07-10 07:56:28+00",362,384
300,"2020-07-10 10:35:30+00",356,385
301,"2020-07-10 14:39:03+00",150,386
302,"2020-07-10 14:57:17+00",377,388
303,"2020-07-10 15:12:55+00",378,389
304,"2020-07-10 21:36:10+00",374,391
305,"2020-07-11 08:34:30+00",362,392
306,"2020-07-11 08:37:40+00",371,394
307,"2020-07-11 20:48:56+00",380,395
308,"2020-07-11 22:06:32+00",381,397
309,"2020-07-12 01:15:36+00",363,398
310,"2020-07-12 02:26:16+00",209,399
311,"2020-07-12 02:26:52+00",209,400
312,"2020-07-12 08:10:35+00",362,401
313,"2020-07-12 09:26:57+00",381,403
314,"2020-07-12 17:46:18+00",2,405
315,"2020-07-13 19:10:57+00",381,406
316,"2020-07-13 19:11:42+00",381,407
317,"2020-07-14 11:48:53+00",381,408
318,"2020-07-14 21:54:59+00",388,409
319,"2020-07-15 04:31:12+00",2,410
320,"2020-07-15 10:53:37+00",391,411
321,"2020-07-16 05:28:40+00",392,414
322,"2020-07-16 07:52:53+00",391,415
323,"2020-07-16 13:54:39+00",393,416
324,"2020-07-16 13:55:24+00",393,417
325,"2020-07-16 16:15:59+00",394,418
326,"2020-07-16 18:07:33+00",395,419
329,"2020-07-17 07:55:37+00",399,424
330,"2020-07-17 12:54:08+00",321,425
331,"2020-07-17 22:58:46+00",211,426
332,"2020-07-18 18:24:56+00",403,427
333,"2020-07-18 18:27:18+00",405,428
334,"2020-07-18 20:14:43+00",392,429
335,"2020-07-19 12:37:21+00",399,430
336,"2020-07-19 14:34:02+00",412,431
337,"2020-07-19 17:42:20+00",408,433
338,"2020-07-20 00:48:39+00",391,434
339,"2020-07-20 06:32:46+00",399,435
340,"2020-07-20 14:10:42+00",399,436
341,"2020-07-21 07:31:27+00",399,437
342,"2020-07-21 19:10:31+00",425,438
343,"2020-07-21 21:32:15+00",201,439
345,"2020-07-21 23:54:21+00",394,441
346,"2020-07-22 03:41:40+00",426,442
348,"2020-07-22 08:30:15+00",427,444
349,"2020-07-22 08:27:21+00",7,447
350,"2020-07-22 12:48:13+00",426,448
351,"2020-07-22 18:47:08+00",429,449
352,"2020-07-22 18:59:57+00",429,453
353,"2020-07-22 21:46:25+00",431,456
354,"2020-07-23 08:15:55+00",434,457
355,"2020-07-23 10:54:49+00",435,458
356,"2020-07-23 16:24:45+00",426,459
357,"2020-07-24 05:53:34+00",438,460
358,"2020-07-24 12:56:52+00",286,461
359,"2020-07-24 14:29:41+00",439,463
360,"2020-07-24 15:22:52+00",402,465
361,"2020-07-24 16:01:41+00",402,466
362,"2020-07-24 18:24:57+00",426,467
363,"2020-07-25 07:31:19+00",293,468
364,"2020-07-26 07:21:33+00",444,470
365,"2020-07-26 19:48:27+00",426,471
366,"2020-07-27 05:42:17+00",448,472
367,"2020-07-27 11:55:28+00",451,473
368,"2020-07-27 13:28:46+00",452,474
369,"2020-07-27 19:58:35+00",426,475
370,"2020-07-27 22:03:43+00",455,476
371,"2020-07-27 22:26:15+00",455,477
372,"2020-07-28 17:22:06+00",451,478
376,"2020-07-29 03:35:11+00",202,482
377,"2020-07-31 02:57:25+00",209,483
378,"2020-07-31 15:30:20+00",466,484
379,"2020-07-31 15:30:35+00",466,485
380,"2020-07-31 23:29:05+00",293,486
381,"2020-08-02 18:09:45+00",474,487
382,"2020-08-03 00:58:45+00",475,488
385,"2020-08-03 09:50:36+00",293,492
386,"2020-08-03 12:01:52+00",293,493
387,"2020-08-03 21:14:49+00",202,494
389,"2020-08-04 05:47:21+00",484,496
390,"2020-08-04 15:20:09+00",488,497
391,"2020-08-04 00:55:52+00",474,498
392,"2020-08-06 02:51:55+00",495,500
393,"2020-08-06 02:56:16+00",325,502
394,"2020-08-06 21:40:05+00",399,503
395,"2020-08-07 02:23:56+00",502,504
396,"2020-08-07 02:42:58+00",503,505
397,"2020-08-07 02:45:33+00",503,507
398,"2020-08-07 09:02:00+00",506,508
399,"2020-08-07 10:47:51+00",507,509
400,"2020-08-08 13:49:49+00",491,510
401,"2020-08-08 14:22:22+00",507,511
402,"2020-08-09 00:37:21+00",369,512
403,"2020-08-10 05:20:51+00",520,513
404,"2020-08-10 08:17:18+00",521,514
405,"2020-08-11 00:42:13+00",524,515
406,"2020-08-12 02:04:42+00",526,517
407,"2020-08-13 23:00:41+00",535,518
408,"2020-08-14 03:15:51+00",293,520
409,"2020-08-14 06:08:52+00",293,521
410,"2020-08-14 23:28:02+00",539,524
411,"2020-08-15 07:06:50+00",541,525
412,"2020-08-15 11:42:15+00",542,527
413,"2020-08-15 20:01:09+00",544,530
414,"2020-08-16 18:21:30+00",544,531
415,"2020-08-17 18:15:50+00",556,532
417,"2020-08-18 17:53:19+00",559,534
418,"2020-08-18 18:58:30+00",556,535
421,"2020-08-19 13:08:44+00",562,538
422,"2020-08-19 13:08:57+00",563,539
424,"2020-08-19 15:22:48+00",557,541
425,"2020-08-19 16:47:16+00",293,542
426,"2020-08-19 18:39:23+00",564,543
427,"2020-08-19 19:48:57+00",566,545
428,"2020-08-19 22:31:16+00",567,546
429,"2020-08-19 23:46:44+00",564,547
430,"2020-08-20 16:18:31+00",567,548
432,"2020-08-20 22:19:10+00",572,551
433,"2020-08-20 21:35:29+00",571,553
434,"2020-08-21 02:54:43+00",564,554
435,"2020-08-21 19:32:48+00",556,556
436,"2020-08-21 22:32:10+00",578,557
437,"2020-08-21 22:48:50+00",577,560
438,"2020-08-21 23:51:38+00",567,561
439,"2020-08-22 00:57:55+00",580,562
440,"2020-08-22 15:58:06+00",564,564
441,"2020-08-23 03:12:50+00",567,565
442,"2020-08-23 17:40:51+00",564,566
443,"2020-08-23 23:53:03+00",567,567
444,"2020-08-24 09:30:31+00",564,568
445,"2020-08-24 09:31:35+00",564,569
446,"2020-08-24 12:43:04+00",564,570
447,"2020-08-25 00:46:01+00",589,571
448,"2020-08-25 01:58:25+00",590,572
449,"2020-08-25 09:02:50+00",592,574
450,"2020-08-25 22:19:51+00",596,575
451,"2020-08-25 23:32:25+00",383,577
452,"2020-08-26 04:59:00+00",561,578
453,"2020-08-26 19:40:27+00",596,579
454,"2020-08-27 06:01:30+00",600,580
455,"2020-08-28 10:42:40+00",606,581
456,"2020-08-28 17:42:25+00",608,583
457,"2020-08-28 18:04:24+00",608,584
458,"2020-08-28 22:50:39+00",596,585
459,"2020-08-29 00:34:36+00",293,586
460,"2020-08-29 04:20:40+00",606,587
461,"2020-08-29 08:29:20+00",608,589
462,"2020-08-29 10:29:22+00",610,590
463,"2020-08-29 15:26:23+00",608,596
464,"2020-08-29 17:37:10+00",608,597
465,"2020-08-29 17:37:18+00",608,598
466,"2020-08-29 19:27:25+00",608,599
467,"2020-08-29 21:24:29+00",611,600
468,"2020-08-30 20:15:39+00",613,603
469,"2020-08-31 05:07:40+00",596,606
470,"2020-08-31 07:45:04+00",611,609
471,"2020-08-31 13:11:08+00",205,610
472,"2020-08-31 20:22:42+00",617,611
473,"2020-09-01 04:06:01+00",567,612
474,"2020-09-01 21:06:04+00",622,613
476,"2020-09-02 15:46:43+00",624,616
478,"2020-09-03 00:35:29+00",628,619
479,"2020-09-03 02:03:46+00",567,621
480,"2020-09-03 07:57:29+00",356,622
481,"2020-09-03 10:23:09+00",630,624
482,"2020-09-03 11:23:48+00",631,627
483,"2020-09-04 02:09:08+00",606,628
484,"2020-09-04 07:49:22+00",611,629
485,"2020-09-04 08:51:36+00",637,630
486,"2020-09-04 13:00:28+00",630,631
487,"2020-09-04 16:02:52+00",632,633
488,"2020-09-04 17:15:58+00",642,634
489,"2020-09-05 04:57:47+00",567,635
490,"2020-09-05 10:43:00+00",611,636
492,"2020-09-06 06:00:28+00",567,638
493,"2020-09-06 13:58:23+00",642,639
494,"2020-09-06 20:34:02+00",655,640
495,"2020-09-07 05:16:10+00",656,641
496,"2020-09-07 05:17:29+00",656,642
497,"2020-09-07 09:41:44+00",656,644
499,"2020-09-07 19:15:16+00",662,647
500,"2020-09-08 00:12:08+00",663,649
501,"2020-09-08 07:37:00+00",669,652
502,"2020-09-08 18:20:45+00",668,655
503,"2020-09-08 19:19:17+00",673,656
505,"2020-09-08 20:15:00+00",676,659
506,"2020-09-08 20:48:37+00",677,662
507,"2020-09-08 21:34:17+00",679,663
508,"2020-09-09 00:21:32+00",680,665
509,"2020-09-09 04:24:06+00",673,666
510,"2020-09-09 06:02:42+00",681,667
511,"2020-09-09 06:31:13+00",682,668
512,"2020-09-09 17:03:58+00",680,670
513,"2020-09-09 19:33:57+00",617,671
514,"2020-09-09 19:55:40+00",688,672
515,"2020-09-09 19:56:36+00",688,673
517,"2020-09-09 20:50:10+00",679,676
518,"2020-09-09 21:07:07+00",690,677
520,"2020-09-09 21:27:58+00",691,680
521,"2020-09-10 02:05:40+00",502,682
522,"2020-09-10 03:21:50+00",684,683
523,"2020-09-10 03:39:40+00",617,684
524,"2020-09-10 03:58:21+00",567,685
525,"2020-09-10 05:24:19+00",694,686
526,"2020-09-10 20:11:47+00",679,690
527,"2020-09-10 23:54:23+00",700,691
528,"2020-09-11 00:14:26+00",13,692
529,"2020-09-11 04:32:49+00",668,693
530,"2020-09-11 15:35:27+00",567,694
531,"2020-09-11 18:23:43+00",293,695
532,"2020-09-11 23:13:16+00",684,696
533,"2020-09-07 16:29:06+00",659,697
535,"2020-09-12 11:19:24+00",632,699
536,"2020-09-12 11:19:41+00",632,700
537,"2020-09-12 11:20:01+00",632,701
538,"2020-09-09 20:08:27+00",689,702
539,"2020-09-12 19:21:56+00",293,703
540,"2020-09-13 03:46:39+00",567,705
541,"2020-09-13 12:47:24+00",676,706
542,"2020-09-13 23:11:50+00",502,707
543,"2020-09-13 23:50:32+00",713,708
544,"2020-09-14 00:20:21+00",668,709
545,"2020-09-14 07:51:12+00",714,710
546,"2020-09-14 13:41:44+00",718,711
547,"2020-09-14 20:01:53+00",719,712
548,"2020-09-14 20:13:51+00",684,713
549,"2020-09-15 02:50:35+00",721,714
551,"2020-09-15 09:32:46+00",629,716
552,"2020-09-15 12:20:29+00",714,718
553,"2020-09-15 14:39:41+00",680,719
554,"2020-09-16 01:27:35+00",511,720
555,"2020-09-16 13:28:43+00",734,721
557,"2020-09-16 15:35:21+00",738,723
559,"2020-09-16 15:49:37+00",738,725
561,"2020-09-16 20:09:44+00",738,727
562,"2020-09-16 21:42:15+00",741,728
563,"2020-09-17 03:45:01+00",743,729
564,"2020-09-17 08:38:43+00",744,730
565,"2020-09-17 19:54:07+00",399,731
566,"2020-09-18 05:26:36+00",741,732
567,"2020-09-18 08:56:14+00",713,733
568,"2020-09-18 09:48:01+00",748,734
569,"2020-09-18 21:07:40+00",752,737
570,"2020-09-19 05:34:53+00",731,739
571,"2020-09-20 03:03:32+00",757,740
572,"2020-09-20 20:24:20+00",764,741
573,"2020-09-20 21:34:11+00",765,742
574,"2020-09-20 23:45:14+00",767,743
575,"2020-09-21 00:38:21+00",511,744
577,"2020-09-21 10:40:17+00",769,747
578,"2020-09-21 12:23:55+00",771,748
579,"2020-09-21 19:41:44+00",772,750
580,"2020-09-21 23:06:19+00",725,752
582,"2020-09-22 00:21:28+00",777,756
583,"2020-09-22 00:29:33+00",778,757
585,"2020-09-22 18:50:27+00",472,759
586,"2020-09-22 18:52:34+00",472,760
596,"2020-09-22 19:01:33+00",472,770
602,"2020-09-22 18:50:32+00",650,776
603,"2020-09-22 18:53:09+00",650,777
604,"2020-09-22 18:56:44+00",650,778
605,"2020-09-22 19:01:19+00",650,779
606,"2020-09-22 19:03:05+00",650,780
607,"2020-09-22 20:27:33+00",781,781
609,"2020-09-22 22:51:37+00",782,783
610,"2020-09-23 10:01:06+00",785,784
611,"2020-09-23 14:05:32+00",787,785
612,"2020-09-23 16:53:44+00",790,786
613,"2020-09-22 21:56:13+00",712,787
614,"2020-09-23 22:20:44+00",787,788
615,"2020-09-24 03:28:42+00",795,789
616,"2020-09-24 03:44:33+00",795,790
617,"2020-09-24 04:09:43+00",293,791
618,"2020-09-24 09:02:12+00",797,792
619,"2020-09-24 13:13:51+00",800,793
620,"2020-09-24 14:25:25+00",789,794
621,"2020-09-24 18:52:08+00",787,795
622,"2020-09-24 22:46:44+00",518,796
623,"2020-09-24 23:12:55+00",518,797
624,"2020-09-25 04:41:09+00",293,798
625,"2020-09-25 07:12:47+00",795,800
626,"2020-09-25 09:44:01+00",789,801
627,"2020-09-25 15:08:35+00",808,803
628,"2020-09-25 15:15:52+00",812,804
629,"2020-09-25 18:30:51+00",293,805
630,"2020-09-25 22:56:30+00",650,806
631,"2020-09-25 22:56:40+00",650,807
632,"2020-09-25 23:42:03+00",710,808
633,"2020-09-26 01:23:33+00",817,809
634,"2020-09-26 02:43:50+00",782,810
635,"2020-09-26 05:35:40+00",743,811
637,"2020-09-26 12:32:31+00",792,816
638,"2020-09-26 13:25:55+00",822,818
639,"2020-09-26 16:39:36+00",676,819
640,"2020-09-26 18:01:55+00",209,820
641,"2020-09-26 07:54:53+00",819,821
642,"2020-09-27 04:45:50+00",293,822
643,"2020-09-27 04:46:09+00",293,823
644,"2020-09-27 09:34:51+00",826,824
645,"2020-09-27 10:44:04+00",828,825
646,"2020-09-27 10:44:53+00",828,826
647,"2020-09-27 15:58:03+00",811,828
648,"2020-09-27 21:03:12+00",829,829
649,"2020-09-27 22:38:46+00",830,830
650,"2020-09-28 00:39:08+00",534,831
651,"2020-09-28 03:26:23+00",832,832
652,"2020-09-28 05:10:04+00",833,833
653,"2020-09-28 13:00:21+00",834,834
654,"2020-09-28 18:18:41+00",743,835
655,"2020-09-28 20:42:26+00",826,836
656,"2020-09-29 05:51:31+00",837,837
657,"2020-09-29 11:45:15+00",799,840
658,"2020-09-29 16:15:35+00",834,841
659,"2020-09-29 19:33:06+00",840,842
660,"2020-09-29 21:10:16+00",841,843
661,"2020-09-30 15:25:10+00",845,844
662,"2020-10-01 12:10:22+00",68,845
663,"2020-10-01 12:22:54+00",856,846
664,"2020-10-01 15:14:34+00",856,849
665,"2020-10-01 15:55:15+00",68,850
666,"2020-10-02 16:42:14+00",782,851
667,"2020-10-02 19:30:30+00",817,852
669,"2020-10-04 15:01:41+00",856,858
670,"2020-10-04 19:04:11+00",797,859
671,"2020-10-05 16:48:22+00",650,860
672,"2020-10-05 20:10:21+00",876,861
673,"2020-10-05 20:54:33+00",877,862
674,"2020-10-06 01:09:24+00",879,864
675,"2020-10-06 08:20:32+00",881,865
676,"2020-10-06 13:04:32+00",856,866
677,"2020-10-06 13:54:18+00",870,867
678,"2020-10-06 13:54:33+00",870,868
679,"2020-10-06 19:19:37+00",876,869
680,"2020-10-06 22:42:49+00",886,871
682,"2020-10-07 09:37:59+00",817,874
683,"2020-10-07 20:10:59+00",764,875
684,"2020-10-08 08:40:13+00",895,876
685,"2020-10-07 08:51:55+00",889,877
686,"2020-10-08 13:17:59+00",856,878
687,"2020-10-08 21:12:01+00",894,880
689,"2020-10-09 15:34:24+00",856,882
690,"2020-10-09 21:08:15+00",894,883
691,"2020-10-09 21:13:04+00",894,884
692,"2020-10-10 00:57:26+00",861,885
693,"2020-10-10 09:02:46+00",903,886
694,"2020-10-10 09:17:01+00",894,887
695,"2020-10-10 09:17:18+00",894,888
696,"2020-10-10 11:24:10+00",902,889
697,"2020-10-10 18:13:42+00",904,890
698,"2020-10-10 23:11:47+00",905,891
699,"2020-10-11 00:42:45+00",907,892
701,"2020-10-11 10:21:19+00",902,894
702,"2020-10-11 07:49:40+00",908,895
703,"2020-10-11 16:51:23+00",650,896
704,"2020-10-11 17:25:45+00",904,897
707,"2020-10-12 06:50:52+00",921,901
708,"2020-10-12 10:26:33+00",902,902
709,"2020-10-12 12:32:00+00",923,903
711,"2020-10-12 15:00:50+00",856,905
712,"2020-10-12 15:52:16+00",925,906
713,"2020-10-13 05:22:59+00",926,907
715,"2020-10-13 09:47:27+00",924,910
716,"2020-10-13 11:09:04+00",929,911
717,"2020-10-13 15:22:25+00",902,913
718,"2020-10-13 16:14:08+00",931,914
719,"2020-10-13 21:39:50+00",934,915
720,"2020-10-14 04:43:13+00",934,916
721,"2020-10-14 04:48:33+00",934,917
722,"2020-10-14 07:32:21+00",929,918
723,"2020-10-13 07:26:13+00",927,919
724,"2020-10-14 07:34:51+00",927,920
725,"2020-10-14 14:18:48+00",856,921
726,"2020-10-14 19:20:38+00",929,922
728,"2020-10-14 22:50:06+00",902,924
730,"2020-10-15 17:37:14+00",946,926
734,"2020-10-15 21:24:41+00",947,930
735,"2020-10-15 23:26:43+00",948,932
736,"2020-10-16 02:45:55+00",950,933
737,"2020-10-16 05:04:05+00",952,934
738,"2020-10-17 00:46:06+00",959,935
739,"2020-10-17 00:46:19+00",959,936
740,"2020-10-15 06:28:57+00",908,937
741,"2020-10-17 13:02:20+00",902,938
743,"2020-10-17 15:32:30+00",960,940
744,"2020-10-17 19:18:25+00",959,941
745,"2020-10-17 22:43:16+00",932,942
747,"2020-10-19 02:36:47+00",969,944
748,"2020-10-19 13:19:11+00",902,947
749,"2020-10-19 18:10:32+00",974,948
750,"2020-10-19 18:12:23+00",969,949
751,"2020-10-19 18:27:19+00",974,950
752,"2020-10-20 11:52:25+00",980,951
753,"2020-10-20 12:11:36+00",987,952
754,"2020-10-20 13:08:08+00",989,954
755,"2020-10-20 13:09:56+00",856,955
757,"2020-10-20 23:22:33+00",989,959
758,"2020-10-20 23:22:56+00",989,960
759,"2020-10-21 00:26:26+00",993,961
760,"2020-10-21 04:17:20+00",994,962
761,"2020-10-21 17:10:07+00",1001,965
762,"2020-10-21 21:12:48+00",1002,966
764,"2020-10-21 23:00:13+00",1000,968
766,"2020-10-22 09:35:05+00",1000,970
768,"2020-10-22 15:20:49+00",1000,972
770,"2020-10-22 23:45:24+00",993,975
771,"2020-10-23 04:25:56+00",1012,976
774,"2020-10-23 21:26:00+00",1018,979
775,"2020-10-24 00:40:47+00",989,981
776,"2020-10-24 00:41:06+00",989,982
777,"2020-10-24 17:48:30+00",1017,984
778,"2020-10-24 21:19:54+00",1021,985
780,"2020-10-25 07:13:43+00",650,990
781,"2020-10-25 17:41:32+00",41,991
782,"2020-10-25 17:43:11+00",41,993
784,"2020-10-26 19:18:22+00",1033,995
785,"2020-10-26 23:43:32+00",1036,996
786,"2020-10-27 11:16:29+00",1039,997
787,"2020-10-27 12:33:17+00",1041,998
788,"2020-10-26 10:32:40+00",1029,999
789,"2020-10-27 14:18:19+00",1042,1000
791,"2020-10-27 21:31:43+00",1048,1003
792,"2020-10-23 12:25:42+00",1015,1005
794,"2020-10-28 03:36:44+00",1033,1008
795,"2020-10-28 05:27:22+00",1050,1009
796,"2020-10-28 07:00:06+00",1051,1010
797,"2020-10-28 11:11:54+00",1052,1011
798,"2020-10-28 19:37:45+00",1048,1012
799,"2020-10-28 20:16:53+00",1033,1015
800,"2020-10-29 02:21:11+00",1033,1017
801,"2020-10-29 06:04:02+00",1052,1018
802,"2020-10-29 15:53:50+00",1033,1020
804,"2020-10-30 00:35:30+00",1071,1022
805,"2020-10-30 18:25:00+00",1033,1023
809,"2020-10-31 15:21:33+00",1080,1027
811,"2020-11-01 09:28:45+00",1080,1030
813,"2020-11-01 14:35:05+00",1086,1032
814,"2020-10-27 21:51:30+00",650,1033
816,"2020-11-02 03:01:10+00",989,1035
817,"2020-11-02 03:42:32+00",1087,1036
818,"2020-11-02 05:19:05+00",1095,1037
819,"2020-11-02 05:20:33+00",1095,1038
820,"2020-11-02 05:45:05+00",1096,1039
822,"2020-11-02 09:00:31+00",1052,1041
823,"2020-11-02 07:12:56+00",650,1042
824,"2020-11-02 14:49:42+00",1097,1043
825,"2020-11-02 15:51:00+00",1098,1044
827,"2020-11-02 21:45:40+00",650,1046
828,"2020-11-02 22:35:23+00",1098,1047
830,"2020-11-03 19:15:12+00",1108,1057
832,"2020-11-04 08:00:30+00",1080,1063
833,"2020-11-04 21:11:32+00",223,1064
837,"2020-11-05 12:07:00+00",1124,1068
838,"2020-10-29 17:39:59+00",1067,1070
839,"2020-11-05 19:47:54+00",1126,1071
840,"2020-11-07 08:26:21+00",1132,1073
841,"2020-11-07 19:48:01+00",1137,1075
842,"2020-11-07 21:21:05+00",1136,1076
843,"2020-11-08 04:10:58+00",1136,1078
845,"2020-11-08 07:51:14+00",650,1080
850,"2020-11-08 10:37:34+00",1132,1085
851,"2020-11-08 10:07:05+00",650,1086
852,"2020-11-08 10:07:57+00",650,1087
854,"2020-11-08 11:09:39+00",650,1089
856,"2020-11-08 11:26:25+00",650,1091
857,"2020-11-08 13:37:31+00",1138,1092
859,"2020-11-08 21:19:46+00",1137,1094
860,"2020-11-08 23:55:47+00",1143,1095
862,"2020-11-09 06:23:50+00",1144,1097
863,"2020-11-09 19:24:34+00",1151,1099
864,"2020-11-08 21:07:22+00",650,1100
865,"2020-11-10 00:35:15+00",1155,1101
866,"2020-11-10 09:08:59+00",1132,1102
867,"2020-11-10 18:46:51+00",1157,1103
868,"2020-11-11 01:04:29+00",1155,1105
870,"2020-11-11 14:13:10+00",1161,1107
871,"2020-11-11 16:14:29+00",1163,1108
872,"2020-11-11 19:55:23+00",650,1109
873,"2020-11-11 23:12:23+00",1170,1112
877,"2020-11-05 04:50:04+00",1104,1116
878,"2020-11-05 04:54:36+00",1104,1117
879,"2020-11-12 12:23:39+00",1129,1118
880,"2020-11-12 16:29:03+00",1179,1119
891,"2020-11-12 20:34:06+00",650,1131
892,"2020-11-12 20:37:00+00",650,1135
893,"2020-11-13 01:36:38+00",1182,1136
894,"2020-11-13 06:01:58+00",650,1137
895,"2020-11-13 10:03:27+00",286,1139
896,"2020-11-13 10:03:58+00",286,1140
897,"2020-11-13 10:04:32+00",286,1141
898,"2020-11-13 11:39:19+00",1146,1142
899,"2020-11-13 11:39:26+00",1146,1143
900,"2020-10-31 20:02:48+00",1083,1144
904,"2020-11-13 20:14:33+00",1080,1148
905,"2020-11-14 00:42:28+00",1189,1149
906,"2020-11-14 13:16:59+00",1190,1150
907,"2020-11-14 21:40:38+00",1194,1155
908,"2020-11-15 08:08:27+00",1189,1156
909,"2020-11-15 13:27:24+00",1146,1157
910,"2020-11-15 17:19:04+00",1201,1158
911,"2020-11-15 19:00:29+00",650,1160
912,"2020-11-16 00:06:42+00",1203,1161
913,"2020-11-16 00:31:29+00",1199,1162
914,"2020-11-16 02:32:01+00",1204,1163
915,"2020-11-16 08:37:16+00",1206,1165
916,"2020-11-16 09:22:45+00",1203,1166
917,"2020-11-16 12:52:27+00",1200,1167
918,"2020-11-16 22:25:23+00",1075,1168
919,"2020-11-17 09:18:56+00",1075,1169
920,"2020-11-17 10:06:24+00",1200,1170
922,"2020-11-17 17:53:59+00",650,1172
923,"2020-11-17 18:38:54+00",1220,1173
924,"2020-11-17 21:15:21+00",1221,1174
925,"2020-11-17 21:19:05+00",1130,1175
926,"2020-11-12 18:14:54+00",1177,1176
927,"2020-11-12 18:20:46+00",1177,1177
928,"2020-11-12 18:23:57+00",1177,1178
929,"2020-11-12 19:04:44+00",1177,1179
930,"2020-11-18 04:18:39+00",1223,1180
931,"2020-11-18 04:19:40+00",1223,1181
932,"2020-11-18 10:42:57+00",1223,1182
933,"2020-11-18 15:05:35+00",1230,1183
934,"2020-11-18 21:28:03+00",1233,1184
935,"2020-11-18 23:57:51+00",1199,1185
937,"2020-11-19 15:15:09+00",1236,1188
938,"2020-11-19 17:34:16+00",650,1189
939,"2020-11-19 17:34:44+00",650,1190
940,"2020-11-19 22:39:53+00",1237,1193
941,"2020-11-20 15:11:20+00",1233,1194
942,"2020-11-21 04:33:42+00",1246,1195
943,"2020-11-21 04:34:29+00",1246,1196
944,"2020-11-21 13:24:43+00",1246,1198
946,"2020-11-22 01:37:48+00",1251,1200
947,"2020-11-22 05:41:59+00",1236,1201
948,"2020-11-22 15:01:35+00",650,1204
949,"2020-11-22 15:01:43+00",650,1205
950,"2020-11-22 15:12:35+00",650,1206
952,"2020-11-22 22:07:11+00",1253,1208
953,"2020-11-23 14:31:22+00",1236,1209
954,"2020-11-23 18:01:56+00",1269,1210
955,"2020-11-23 20:36:51+00",1273,1213
956,"2020-11-21 17:14:17+00",1249,1214
958,"2020-11-24 00:21:45+00",1275,1216
959,"2020-11-23 22:28:33+00",1249,1217
961,"2020-11-24 04:36:55+00",650,1219
962,"2020-11-25 00:05:49+00",1282,1220
963,"2020-11-25 00:32:40+00",1282,1221
964,"2020-11-25 01:24:36+00",1283,1222
967,"2020-11-25 16:12:43+00",1290,1226
968,"2020-11-25 17:32:08+00",1253,1227
969,"2020-11-25 21:51:30+00",1253,1228
970,"2020-11-25 07:04:44+00",1236,1229
971,"2020-11-26 02:02:15+00",1236,1230
972,"2020-11-26 04:28:11+00",1253,1231
974,"2020-11-26 15:40:12+00",1293,1233
975,"2020-11-26 17:56:06+00",1295,1234
976,"2020-11-26 18:39:06+00",1294,1235
977,"2020-11-26 19:00:35+00",1296,1236
978,"2020-11-26 19:30:58+00",1298,1237
980,"2020-11-27 18:44:40+00",1304,1239
981,"2020-11-28 05:30:32+00",1307,1240
982,"2020-11-29 00:50:16+00",1307,1244
983,"2020-11-29 19:04:00+00",1316,1245
984,"2020-11-29 19:22:27+00",211,1246
985,"2020-11-30 02:50:19+00",1321,1247
986,"2020-11-30 14:12:57+00",1322,1248
987,"2020-11-30 15:01:21+00",1294,1249
988,"2020-11-30 19:53:32+00",1294,1250
989,"2020-11-30 22:43:33+00",1327,1251
990,"2020-11-30 22:45:19+00",1330,1252
991,"2020-12-01 03:01:04+00",1325,1253
992,"2020-12-01 03:01:59+00",1325,1254
993,"2020-12-01 10:46:42+00",1322,1255
994,"2020-12-01 19:23:26+00",1294,1260
995,"2020-12-01 22:02:52+00",1294,1261
996,"2020-12-02 06:12:46+00",1294,1262
997,"2020-12-02 12:19:25+00",1322,1263
998,"2020-12-02 20:27:53+00",1346,1265
999,"2020-12-03 16:16:04+00",1350,1267
1000,"2020-12-03 18:33:58+00",1346,1268
1001,"2020-11-26 08:31:10+00",1269,1269
1002,"2020-12-04 00:11:10+00",1346,1270
1003,"2020-12-04 23:36:38+00",1357,1273
1004,"2020-12-05 07:21:28+00",1359,1274
1005,"2020-12-05 11:26:46+00",1360,1275
1006,"2020-12-05 20:26:30+00",1364,1276
1007,"2020-12-06 16:40:36+00",1359,1277
1008,"2020-12-07 06:00:05+00",1360,1278
1009,"2020-12-07 11:27:31+00",1371,1280
1010,"2020-12-07 21:20:41+00",1359,1281
1011,"2020-12-07 21:36:52+00",1377,1282
1012,"2020-12-07 21:37:47+00",1377,1283
1013,"2020-12-08 00:28:35+00",1378,1284
1014,"2020-12-08 03:50:40+00",1214,1285
1015,"2020-12-08 09:51:46+00",1294,1286
1016,"2020-12-08 18:36:36+00",1383,1287
1017,"2020-12-09 03:41:39+00",1346,1288
1018,"2020-12-09 09:03:44+00",1381,1289
1019,"2020-12-09 10:33:33+00",1382,1291
1020,"2020-12-09 12:50:14+00",1359,1292
1021,"2020-12-09 19:42:19+00",1375,1293
1022,"2020-12-10 11:40:35+00",1390,1294
1023,"2020-12-11 03:17:24+00",1236,1295
1024,"2020-12-11 15:06:03+00",1236,1297
1025,"2020-12-11 17:21:01+00",1401,1298
1026,"2020-12-11 22:48:18+00",1402,1302
1027,"2020-12-12 14:04:12+00",1396,1307
1028,"2020-12-12 14:10:42+00",1236,1308
1029,"2020-12-12 17:09:30+00",1396,1309
1030,"2020-12-12 22:35:04+00",1296,1310
1031,"2020-12-12 23:31:38+00",1410,1311
1033,"2020-12-13 13:50:30+00",1396,1313
1034,"2020-12-13 15:46:57+00",1412,1314
1035,"2020-12-13 21:43:12+00",1413,1315
1036,"2020-12-14 08:58:02+00",1416,1316
1038,"2020-12-15 09:00:15+00",1425,1318
1040,"2020-12-16 04:44:34+00",1429,1320
1041,"2020-12-13 13:10:02+00",1326,1321
1042,"2020-12-16 13:05:18+00",1431,1322
1046,"2020-12-16 14:17:09+00",1434,1326
1047,"2020-12-16 18:07:54+00",1435,1327
1048,"2020-12-15 07:22:35+00",1424,1328
1049,"2020-12-17 12:15:05+00",1439,1329
1050,"2020-12-17 16:01:23+00",1440,1330
1051,"2020-12-17 16:46:28+00",1441,1331
1052,"2020-12-17 20:18:27+00",650,1332
1053,"2020-12-17 20:54:46+00",1444,1333
1054,"2020-12-18 02:10:45+00",1448,1334
1055,"2020-12-18 04:36:31+00",1439,1335
1057,"2020-12-18 19:13:25+00",1450,1337
1058,"2020-12-18 19:41:05+00",1446,1338
1060,"2020-12-19 00:33:52+00",1452,1340
1061,"2020-12-19 03:33:07+00",1454,1341
1062,"2020-12-19 11:48:20+00",1439,1344
1063,"2020-12-19 11:48:31+00",1439,1345
1064,"2020-12-20 11:33:13+00",650,1347
1065,"2020-12-20 14:19:47+00",650,1348
1066,"2020-12-20 15:30:51+00",650,1349
1067,"2020-12-20 17:53:23+00",650,1351
1068,"2020-12-20 17:59:48+00",650,1352
1069,"2020-12-20 18:00:01+00",650,1353
1070,"2020-12-20 18:00:08+00",650,1354
1071,"2020-12-20 18:02:05+00",650,1355
1072,"2020-12-20 18:02:53+00",650,1356
1073,"2020-12-20 18:39:27+00",1463,1357
1075,"2020-12-21 00:08:50+00",650,1359
1076,"2020-12-21 13:29:53+00",1463,1360
1077,"2020-12-21 19:38:43+00",1463,1361
1078,"2020-12-21 23:55:37+00",653,1362
1079,"2020-12-22 01:30:07+00",1467,1363
1080,"2020-12-22 03:29:13+00",1435,1364
1081,"2020-12-22 05:35:52+00",1469,1365
1082,"2020-12-22 05:36:43+00",1469,1366
1083,"2020-12-22 11:19:07+00",1463,1367
1084,"2020-12-22 14:03:46+00",1463,1368
1085,"2020-12-22 16:34:28+00",1463,1369
1086,"2020-12-22 17:13:41+00",653,1370
1087,"2020-12-22 19:52:54+00",1474,1371
1088,"2020-12-22 20:47:16+00",653,1372
1089,"2020-12-22 20:47:27+00",653,1373
1090,"2020-12-22 21:15:46+00",653,1379
1091,"2020-12-22 21:49:12+00",650,1380
1092,"2020-12-23 03:35:45+00",1477,1381
1093,"2020-12-23 17:04:47+00",1480,1382
1094,"2020-12-23 17:20:01+00",1463,1383
1095,"2020-12-23 21:07:57+00",1474,1384
1096,"2020-12-24 06:35:10+00",1435,1385
1097,"2020-12-24 20:46:47+00",1483,1386
1098,"2020-12-25 08:42:45+00",1439,1387
1099,"2020-12-25 11:28:22+00",1474,1388
1100,"2020-12-26 11:43:13+00",1489,1389
1101,"2020-12-26 12:19:16+00",1474,1390
1102,"2020-12-26 18:54:11+00",1474,1391
1103,"2020-12-26 22:24:31+00",1492,1392
1104,"2020-12-27 20:45:38+00",1501,1395
1105,"2020-12-27 20:48:00+00",1501,1396
1107,"2020-12-27 23:18:09+00",1504,1398
1108,"2020-12-28 00:34:18+00",1505,1399
1109,"2020-12-28 02:59:35+00",1506,1400
1110,"2020-12-28 04:40:37+00",1439,1401
1111,"2020-12-28 04:45:48+00",1439,1402
1112,"2020-12-28 04:46:25+00",1439,1403
1113,"2020-12-28 14:57:42+00",653,1406
1114,"2020-12-28 17:05:05+00",653,1407
1115,"2020-12-28 21:11:36+00",653,1408
1116,"2020-12-28 21:11:45+00",653,1409
1117,"2020-12-28 21:11:53+00",653,1410
1118,"2020-12-28 21:12:40+00",653,1411
1119,"2020-12-28 21:40:16+00",650,1414
1120,"2020-12-28 22:19:46+00",650,1415
1121,"2020-12-28 22:21:06+00",650,1416
1122,"2020-12-29 02:57:21+00",1439,1417
1123,"2020-12-30 01:04:13+00",1474,1418
1124,"2020-12-30 02:35:38+00",1492,1419
1126,"2020-12-30 19:26:41+00",41,1421
1127,"2020-12-30 19:53:37+00",650,1422
1129,"2020-12-30 22:44:43+00",1474,1424
1130,"2020-12-31 03:24:19+00",1439,1425
1131,"2020-12-31 03:44:33+00",1529,1426
1132,"2020-12-31 03:45:13+00",1529,1427
1133,"2020-12-31 03:59:41+00",1529,1428
1134,"2020-12-31 08:41:02+00",650,1429
1135,"2020-12-31 08:58:25+00",650,1431
1136,"2020-12-31 13:16:41+00",1530,1432
1138,"2020-12-31 17:01:12+00",650,1435
1139,"2020-12-30 04:06:43+00",1511,1436
1141,"2021-01-01 02:50:27+00",1533,1438
1142,"2021-01-01 02:50:49+00",1533,1439
1143,"2020-12-31 18:43:12+00",1511,1440
1144,"2021-01-01 21:56:02+00",1538,1441
1146,"2021-01-02 01:59:50+00",1506,1443
1148,"2021-01-02 02:58:48+00",1540,1445
1149,"2021-01-02 00:05:22+00",1539,1447
1152,"2021-01-02 22:52:42+00",650,1450
1153,"2021-01-02 02:08:06+00",1511,1451
1155,"2021-01-03 15:11:24+00",1550,1453
1157,"2021-01-02 17:36:01+00",1539,1456
1159,"2021-01-04 01:01:15+00",1506,1458
1160,"2021-01-04 14:40:49+00",1559,1459
1162,"2021-01-04 16:37:50+00",1550,1465
1163,"2021-01-04 23:46:36+00",1562,1466
1164,"2021-01-05 10:07:38+00",1563,1468
1165,"2021-01-05 20:44:51+00",684,1469
1166,"2021-01-05 21:05:28+00",1562,1470
1167,"2021-01-05 22:05:40+00",1559,1471
1168,"2021-01-05 22:12:55+00",1559,1472
1169,"2021-01-06 01:49:03+00",1574,1476
1170,"2021-01-06 01:52:48+00",1574,1477
1171,"2021-01-06 10:21:39+00",1506,1479
1173,"2021-01-06 14:19:17+00",1559,1481
1174,"2021-01-06 15:55:08+00",752,1482
1175,"2021-01-06 21:33:57+00",1562,1485
1176,"2021-01-06 23:41:31+00",1580,1486
1177,"2021-01-07 04:30:50+00",1492,1487
1178,"2021-01-07 08:20:36+00",1506,1488
1179,"2021-01-07 13:26:27+00",1146,1489
1180,"2021-01-07 14:49:02+00",1586,1492
1181,"2021-01-07 17:27:22+00",1559,1495
1182,"2021-01-07 19:14:08+00",1587,1498
1183,"2021-01-07 21:12:12+00",650,1499
1184,"2021-01-07 21:26:51+00",1562,1500
1185,"2021-01-08 07:10:25+00",1591,1501
1186,"2021-01-08 08:41:44+00",1265,1503
1187,"2021-01-08 10:08:05+00",1592,1504
1188,"2021-01-08 21:01:22+00",1579,1505
1189,"2021-01-08 21:55:06+00",1562,1507
1191,"2021-01-08 23:25:23+00",1599,1509
1192,"2021-01-09 04:47:43+00",1602,1510
1194,"2021-01-09 16:35:54+00",1605,1512
1196,"2021-01-09 19:14:38+00",1506,1514
1197,"2021-01-09 20:21:27+00",1562,1515
1198,"2021-01-09 20:49:22+00",1606,1516
1199,"2021-01-10 03:54:07+00",1610,1520
1200,"2021-01-10 03:54:54+00",1610,1521
1201,"2021-01-10 10:36:58+00",1562,1522
1202,"2021-01-10 18:39:42+00",1559,1524
1204,"2021-01-11 10:15:48+00",1146,1535
1205,"2021-01-11 15:54:27+00",1559,1538
1206,"2021-01-10 21:07:33+00",650,1539
1207,"2021-01-06 12:34:33+00",1550,1540
1209,"2021-01-12 06:44:03+00",1623,1543
1210,"2021-01-13 13:22:55+00",1265,1549
1211,"2021-01-14 00:56:14+00",1562,1551
1213,"2021-01-14 20:22:03+00",1562,1553
1214,"2021-01-14 22:07:04+00",1623,1554
1215,"2021-01-15 09:15:29+00",1659,1555
1216,"2021-01-15 22:54:23+00",1562,1558
1217,"2021-01-16 04:49:37+00",1666,1559
1218,"2021-01-16 05:43:20+00",1592,1560
1219,"2021-01-16 06:15:13+00",1665,1561
1220,"2021-01-16 06:44:29+00",1667,1562
1221,"2021-01-14 19:20:14+00",1649,1563
1223,"2021-01-16 11:01:23+00",1659,1565
1225,"2021-01-16 17:49:19+00",1659,1570
1227,"2021-01-17 00:48:01+00",1666,1573
1228,"2021-01-17 00:56:46+00",1671,1575
1229,"2021-01-17 01:31:48+00",1672,1576
1230,"2021-01-17 11:27:17+00",1659,1578
1231,"2021-01-17 21:26:01+00",1665,1582
1232,"2021-01-18 08:57:42+00",1659,1583
1233,"2021-01-18 14:59:44+00",1426,1584
1234,"2021-01-18 19:23:36+00",1559,1585
1235,"2021-01-18 21:05:19+00",1665,1586
1236,"2021-01-19 02:55:42+00",1689,1587
1237,"2021-01-19 06:26:07+00",650,1588
1238,"2021-01-19 11:14:45+00",1693,1589
1239,"2021-01-19 18:06:41+00",1559,1590
1240,"2021-01-19 19:20:56+00",1698,1591
1242,"2021-01-20 03:48:37+00",1702,1594
1243,"2021-01-20 08:10:36+00",1265,1597
1244,"2021-01-20 11:54:20+00",1698,1599
1245,"2021-01-20 15:43:07+00",1559,1600
1246,"2021-01-20 18:11:10+00",1665,1601
1247,"2021-01-21 12:10:07+00",1713,1602
1248,"2021-01-21 13:58:25+00",1559,1603
1249,"2021-01-21 21:11:37+00",1719,1604
1250,"2021-01-21 21:40:51+00",1698,1605
1251,"2021-01-22 01:27:40+00",1706,1606
1252,"2021-01-22 04:11:51+00",1721,1609
1253,"2021-01-22 14:12:30+00",1559,1612
1255,"2021-01-22 19:04:23+00",1724,1617
1257,"2021-01-22 19:50:38+00",1726,1621
1258,"2021-01-23 05:45:19+00",1706,1622
1260,"2021-01-23 17:32:53+00",1550,1624
1261,"2021-01-23 20:41:23+00",1733,1625
1262,"2021-01-23 22:34:49+00",1735,1626
1263,"2021-01-23 15:05:16+00",1724,1627
1265,"2021-01-24 04:37:30+00",1706,1629
1266,"2021-01-24 16:53:24+00",680,1631
1267,"2021-01-24 18:37:18+00",1559,1632
1268,"2021-01-24 18:48:44+00",1740,1633
1269,"2021-01-24 19:26:30+00",1742,1634
1270,"2021-01-25 02:43:09+00",1745,1636
1271,"2021-01-25 03:39:33+00",1706,1637
1272,"2021-01-25 10:24:47+00",1747,1638
1273,"2021-01-25 12:42:49+00",1749,1640
1274,"2021-01-25 13:16:11+00",1750,1641
1275,"2021-01-25 16:17:06+00",1754,1642
1276,"2021-01-25 19:40:18+00",1755,1643
1277,"2021-01-25 20:23:38+00",1756,1645
1278,"2021-01-25 20:27:31+00",1559,1646
1279,"2021-01-25 23:28:48+00",1706,1647
1280,"2021-01-26 00:10:13+00",1760,1648
1282,"2021-01-26 04:36:16+00",1760,1650
1284,"2021-01-26 11:26:50+00",1762,1652
1286,"2021-01-26 12:33:01+00",1763,1654
1287,"2021-01-26 13:22:54+00",1721,1655
1288,"2021-01-26 15:50:00+00",1754,1656
1289,"2021-01-26 15:56:07+00",1766,1657
1290,"2021-01-26 17:40:36+00",1768,1659
1291,"2021-01-26 06:08:09+00",1724,1660
1292,"2021-01-27 04:52:18+00",1706,1661
1293,"2021-01-27 08:11:26+00",1768,1662
1294,"2021-01-27 10:13:08+00",1774,1663
1295,"2021-01-27 16:24:34+00",1776,1664
1296,"2021-01-27 18:52:30+00",1724,1665
1297,"2021-01-27 19:36:54+00",1768,1666
1299,"2021-01-27 23:07:44+00",1778,1668
1300,"2021-01-27 23:38:35+00",1780,1669
1301,"2021-01-28 07:43:34+00",1779,1670
1303,"2021-01-28 17:44:58+00",399,1673
1304,"2021-01-28 21:00:03+00",1776,1674
1305,"2021-01-26 02:43:54+00",1550,1675
1307,"2021-01-27 21:07:38+00",1763,1677
1309,"2021-01-29 00:00:23+00",1771,1679
1310,"2021-01-29 01:14:27+00",1789,1681
1311,"2021-01-28 09:39:53+00",1783,1682
1313,"2021-01-29 08:51:53+00",1706,1685
1314,"2021-01-28 22:20:33+00",1763,1687
1316,"2021-01-29 12:05:41+00",1463,1689
1317,"2021-01-29 13:42:37+00",1793,1690
1318,"2021-01-29 14:51:57+00",1789,1691
1319,"2021-01-29 19:02:12+00",1795,1692
1320,"2021-01-29 19:38:05+00",399,1693
1321,"2021-01-29 10:29:23+00",1763,1694
1323,"2021-01-29 20:24:30+00",1763,1696
1327,"2021-01-30 06:30:05+00",1706,1700
1328,"2021-01-29 22:34:46+00",1763,1701
1330,"2021-01-29 03:55:43+00",1783,1703
1331,"2021-01-30 10:42:14+00",1763,1704
1333,"2021-01-30 14:29:46+00",1803,1706
1334,"2021-01-30 14:39:32+00",1804,1707
1335,"2021-01-30 15:04:49+00",1804,1709
1336,"2021-01-30 15:18:59+00",1804,1715
1337,"2021-01-30 15:21:37+00",1804,1716
1338,"2021-01-30 05:28:49+00",650,1719
1339,"2021-01-30 22:40:12+00",1797,1720
1340,"2021-01-30 02:18:48+00",1724,1721
1341,"2021-01-31 00:17:11+00",1808,1722
1342,"2021-01-31 03:22:10+00",680,1723
1343,"2021-01-31 07:28:40+00",1812,1724
1344,"2021-01-30 13:48:25+00",1763,1725
1347,"2021-01-31 14:22:26+00",1804,1728
1349,"2021-01-31 15:57:35+00",650,1731
1350,"2021-01-31 21:43:22+00",1126,1732
1351,"2021-02-01 01:16:44+00",1795,1733
1352,"2021-02-01 05:27:44+00",1706,1734
1353,"2021-01-31 14:50:04+00",1724,1736
1355,"2021-02-01 07:39:25+00",1724,1738
1356,"2021-02-01 10:48:52+00",1795,1739
1357,"2021-01-31 10:12:14+00",1763,1740
1359,"2021-02-01 11:44:13+00",1822,1742
1360,"2021-02-01 14:41:32+00",1777,1744
1363,"2021-02-02 00:22:07+00",1824,1747
1364,"2021-02-02 01:18:25+00",1825,1748
1365,"2021-02-02 01:18:38+00",1825,1749
1366,"2021-02-02 01:30:51+00",1795,1750
1367,"2021-02-02 01:49:57+00",1826,1751
1368,"2021-02-02 02:10:12+00",1828,1752
1370,"2021-02-01 11:25:59+00",1763,1754
1372,"2021-02-02 15:49:24+00",1832,1756
1373,"2021-02-02 16:39:17+00",1833,1757
1374,"2021-02-02 16:46:52+00",1828,1758
1375,"2021-02-02 23:23:23+00",1828,1759
1376,"2021-02-03 02:19:19+00",1795,1760
1377,"2021-02-03 03:58:12+00",1706,1761
1378,"2021-02-03 06:49:52+00",1760,1763
1379,"2021-02-02 13:06:41+00",1763,1764
1381,"2021-02-03 17:47:20+00",1837,1766
1382,"2021-02-03 20:10:41+00",1797,1767
1383,"2021-02-01 20:41:46+00",650,1768
1384,"2021-02-03 21:51:36+00",1795,1769
1385,"2021-02-03 09:14:00+00",1763,1770
1387,"2021-02-04 07:46:12+00",1840,1773
1388,"2021-02-04 12:22:14+00",1828,1774
1389,"2021-02-02 11:26:46+00",1724,1775
1390,"2021-02-04 14:24:33+00",1724,1776
1391,"2021-02-04 20:52:57+00",1828,1777
1392,"2021-02-04 01:09:09+00",1763,1778
1394,"2021-02-05 11:12:56+00",1724,1780
1395,"2021-02-05 12:52:56+00",1833,1781
1396,"2021-02-05 13:41:19+00",1847,1782
1397,"2021-02-05 15:52:29+00",1849,1783
1398,"2021-02-05 17:06:08+00",1795,1784
1399,"2021-02-06 01:18:44+00",1828,1785
1400,"2021-02-05 11:00:20+00",1763,1786
1402,"2021-02-06 09:58:25+00",1763,1788
1404,"2021-02-06 13:46:12+00",1763,1790
1406,"2021-02-06 18:08:37+00",1849,1792
1407,"2021-02-06 17:01:51+00",1763,1793
1409,"2021-02-06 21:40:14+00",1863,1797
1410,"2021-02-07 06:37:17+00",1869,1798
1411,"2021-02-07 10:13:14+00",1859,1799
1412,"2021-02-07 11:09:42+00",1871,1801
1413,"2021-02-06 21:33:19+00",1763,1803
1415,"2021-02-07 22:04:49+00",1828,1805
1416,"2021-02-08 01:28:35+00",1828,1807
1417,"2021-02-08 13:08:20+00",1882,1810
1418,"2021-02-08 14:40:47+00",1847,1811
1419,"2021-02-08 18:42:50+00",1559,1812
1420,"2021-02-08 21:24:26+00",1797,1813
1421,"2021-02-07 21:13:38+00",1763,1814
1423,"2021-02-08 23:09:37+00",1822,1816
1424,"2021-02-08 23:55:12+00",1859,1818
1425,"2021-02-09 00:03:00+00",650,1819
1426,"2021-02-09 00:07:20+00",1891,1820
1427,"2021-02-09 11:26:46+00",1894,1821
1428,"2021-02-09 13:09:38+00",1896,1822
1429,"2021-02-09 17:31:15+00",1898,1824
1431,"2021-02-09 20:43:47+00",1886,1827
1432,"2021-02-09 20:50:22+00",1882,1828
1433,"2021-02-09 20:59:01+00",1797,1829
1435,"2021-02-09 20:39:10+00",1724,1831
1436,"2021-02-10 13:56:46+00",1559,1832
1437,"2021-02-10 16:32:15+00",1907,1833
1438,"2021-02-10 18:16:29+00",1886,1834
1440,"2021-02-11 00:29:26+00",1828,1837
1441,"2021-02-11 02:00:09+00",1828,1838
1442,"2021-02-11 11:30:42+00",1915,1839
1443,"2021-02-11 16:23:42+00",1559,1840
1444,"2021-02-10 18:37:15+00",1724,1842
1445,"2021-02-11 18:15:23+00",1724,1843
1446,"2021-02-11 18:36:31+00",1463,1844
1447,"2021-02-09 23:22:53+00",1763,1845
1448,"2021-02-09 23:22:53+00",1763,1846
1449,"2021-02-11 22:28:26+00",1763,1847
1450,"2021-02-12 00:43:34+00",1797,1848
1451,"2021-02-12 00:49:58+00",1920,1849
1453,"2021-02-12 02:43:30+00",1923,1851
1454,"2021-02-12 09:09:12+00",1930,1852
1456,"2021-02-12 13:00:44+00",1932,1855
1458,"2021-02-12 16:21:35+00",1559,1857
1459,"2021-02-12 21:01:06+00",1797,1862
1460,"2021-02-12 23:13:53+00",1935,1863
1461,"2021-02-13 01:35:33+00",1763,1864
1462,"2021-02-13 09:12:29+00",1940,1865
1463,"2021-02-13 11:35:35+00",1932,1866
1464,"2021-02-13 19:52:53+00",399,1867
1466,"2021-02-13 20:05:54+00",1828,1869
1467,"2021-02-13 20:51:01+00",1797,1870
1468,"2021-02-13 22:56:16+00",1920,1871
1469,"2021-02-14 02:39:13+00",1828,1872
1470,"2021-02-14 02:51:29+00",1828,1873
1472,"2021-02-14 15:09:48+00",1946,1875
1473,"2021-02-14 18:10:17+00",1559,1876
1475,"2021-02-14 19:25:35+00",1795,1879
1476,"2021-02-14 19:03:36+00",1932,1880
1477,"2021-02-13 20:03:39+00",1724,1881
1478,"2021-02-14 20:51:01+00",1724,1882
1479,"2021-02-14 22:04:16+00",399,1883
1480,"2021-02-15 03:06:23+00",1948,1884
1488,"2021-02-15 09:09:56+00",1763,1892
1490,"2021-02-15 23:26:51+00",1920,1895
1491,"2021-02-16 00:11:35+00",1954,1896
1492,"2021-02-16 02:17:17+00",1948,1897
1493,"2021-02-16 08:22:57+00",1960,1898
1494,"2021-02-15 22:55:20+00",1763,1901
1496,"2021-02-16 11:24:58+00",1954,1903
1497,"2021-02-16 19:59:44+00",1797,1904
1499,"2021-02-16 21:49:45+00",1956,1907
1501,"2021-02-16 20:20:39+00",1932,1909
1502,"2021-02-17 08:50:04+00",1968,1910
1505,"2021-02-17 13:14:04+00",1954,1913
1506,"2021-02-17 08:16:53+00",1973,1914
1507,"2021-02-17 17:14:30+00",1920,1915
1508,"2021-02-17 17:49:01+00",1559,1916
1509,"2021-02-17 12:01:15+00",1932,1917
1510,"2021-02-17 23:17:07+00",1735,1918
1511,"2021-02-17 23:31:31+00",1735,1920
1512,"2021-02-18 02:42:14+00",1954,1921
1514,"2021-02-18 14:19:56+00",1283,1923
1515,"2021-02-18 15:14:05+00",1920,1924
1516,"2021-02-18 16:29:58+00",1828,1925
1517,"2021-02-18 18:22:33+00",1559,1926
1518,"2021-02-18 19:47:22+00",1954,1927
1519,"2021-02-18 22:09:57+00",1797,1928
1520,"2021-02-18 22:39:56+00",1983,1929
1523,"2021-02-19 00:30:18+00",1828,1933
1524,"2021-02-19 00:33:48+00",1954,1934
1525,"2021-02-19 03:18:37+00",1986,1935
1526,"2021-02-18 10:58:09+00",1932,1936
1527,"2021-02-19 11:06:37+00",1920,1937
1528,"2021-02-19 13:58:44+00",1559,1938
1529,"2021-02-19 15:20:46+00",1954,1939
1531,"2021-02-19 19:19:01+00",1978,1941
1532,"2021-02-19 19:53:47+00",1954,1942
1533,"2021-02-19 20:43:38+00",1920,1943
1534,"2021-02-19 23:14:25+00",1828,1944
1535,"2021-02-19 23:31:47+00",1996,1945
1536,"2021-02-20 00:55:46+00",1997,1947
1537,"2021-02-20 01:21:59+00",1828,1948
1538,"2021-02-20 02:35:27+00",1998,1949
1540,"2021-02-20 13:07:43+00",1999,1951
1541,"2021-02-20 13:47:45+00",1954,1952
1542,"2021-02-20 15:37:17+00",2001,1953
1543,"2021-02-20 16:41:55+00",1999,1954
1544,"2021-02-20 16:57:17+00",1954,1955
1545,"2021-02-19 15:46:37+00",1724,1956
1547,"2021-02-20 17:28:31+00",1978,1958
1548,"2021-02-20 05:14:26+00",650,1959
1549,"2021-02-20 22:50:27+00",1978,1960
1550,"2021-02-20 23:44:40+00",1997,1961
1551,"2021-02-21 00:35:25+00",1918,1962
1552,"2021-02-20 17:26:07+00",1724,1963
1553,"2021-02-21 01:57:29+00",1724,1964
1554,"2021-02-21 12:00:20+00",1920,1965
1555,"2021-02-21 15:05:59+00",1954,1967
1556,"2021-02-21 19:28:06+00",2007,1968
1557,"2021-02-21 19:47:47+00",1797,1969
1558,"2021-02-21 22:06:38+00",2011,1970
1559,"2021-02-21 22:07:33+00",2011,1971
1560,"2021-02-22 02:17:02+00",2012,1978
1562,"2021-02-22 10:28:31+00",1918,1981
1563,"2021-02-22 11:12:43+00",1954,1982
1564,"2021-02-22 09:41:41+00",1932,1983
1565,"2021-02-22 14:30:13+00",1559,1984
1566,"2021-02-22 15:43:54+00",1978,1985
1567,"2021-02-22 17:48:45+00",1724,1986
1568,"2021-02-22 18:10:24+00",1828,1987
1570,"2021-02-22 21:46:15+00",2011,1990
1572,"2021-02-23 09:04:43+00",1954,1992
1575,"2021-02-16 10:16:52+00",1763,1995
1577,"2021-02-23 11:10:57+00",1932,1997
1578,"2021-02-23 15:00:43+00",2030,1998
1579,"2021-02-23 15:43:41+00",1559,1999
1580,"2021-02-22 21:31:06+00",2019,2000
1582,"2021-02-23 20:16:14+00",1920,2002
1583,"2021-02-24 02:49:29+00",1474,2003
1584,"2021-02-24 02:59:16+00",1724,2004
1585,"2021-02-24 07:31:35+00",2006,2005
1586,"2021-02-24 09:52:14+00",2036,2006
1587,"2021-02-24 11:01:30+00",1954,2007
1588,"2021-02-24 11:01:48+00",1954,2008
1589,"2021-02-24 15:17:41+00",1724,2009
1590,"2021-02-24 18:33:41+00",1559,2010
1591,"2021-02-24 19:46:27+00",1828,2011
1592,"2021-02-24 20:43:32+00",1797,2012
1593,"2021-02-24 22:35:24+00",2043,2013
1594,"2021-02-24 22:36:45+00",2043,2014
1595,"2021-02-24 23:38:08+00",1929,2015
1596,"2021-02-25 00:03:43+00",1828,2016
1597,"2021-02-25 00:39:59+00",1828,2017
1598,"2021-02-25 07:14:01+00",2045,2018
1600,"2021-02-25 13:01:21+00",1923,2020
1601,"2021-02-25 13:51:33+00",2049,2022
1602,"2021-02-25 14:58:51+00",1954,2024
1604,"2021-02-25 20:52:10+00",1797,2026
1605,"2021-02-25 22:43:08+00",2045,2027
1606,"2021-02-26 01:24:57+00",1828,2029
1607,"2021-02-26 06:24:35+00",2045,2030
1608,"2021-02-26 13:28:20+00",1954,2031
1609,"2021-02-26 20:12:17+00",2069,2032
1610,"2021-02-26 23:01:32+00",2072,2033
1611,"2021-02-26 23:20:19+00",1920,2034
1612,"2021-02-27 07:48:18+00",2045,2035
1613,"2021-02-27 10:41:39+00",1920,2036
1614,"2021-02-27 16:32:11+00",2079,2037
1615,"2021-02-27 16:32:39+00",2079,2038
1616,"2021-02-27 16:34:22+00",2079,2039
1617,"2021-02-27 17:08:49+00",2072,2040
1618,"2021-02-27 22:43:13+00",1954,2041
1619,"2021-02-27 23:47:49+00",1724,2043
1620,"2021-02-28 00:25:09+00",2081,2044
1621,"2021-02-28 00:51:14+00",2082,2045
1622,"2021-02-28 09:16:04+00",2084,2046
1623,"2021-02-28 11:54:06+00",1920,2047
1624,"2021-02-28 16:41:13+00",1954,2048
1625,"2021-02-28 18:21:28+00",2089,2049
1626,"2021-03-01 04:28:35+00",2093,2050
1627,"2021-03-01 10:14:04+00",2045,2051
1629,"2021-03-01 10:37:13+00",2095,2053
1630,"2021-03-01 12:51:26+00",2096,2054
1631,"2021-03-01 13:18:49+00",1954,2055
1634,"2021-03-01 20:01:33+00",1797,2058
1635,"2021-03-01 22:18:17+00",2099,2059
1636,"2021-02-23 14:05:35+00",1550,2060
1638,"2021-03-02 01:32:55+00",2102,2062
1639,"2021-03-02 01:39:47+00",2102,2063
1640,"2021-03-01 18:14:46+00",1724,2064
1642,"2021-03-02 08:42:50+00",2104,2066
1643,"2021-03-01 13:35:10+00",1932,2068
1644,"2021-03-02 11:38:59+00",2105,2069
1646,"2021-03-02 13:06:26+00",1920,2072
1647,"2021-03-02 13:06:32+00",1954,2073
1648,"2021-03-02 15:04:25+00",1559,2074
1649,"2021-03-02 19:41:04+00",2104,2075
1650,"2021-03-02 20:44:44+00",650,2076
1651,"2021-03-02 20:44:58+00",2108,2077
1652,"2021-03-02 11:51:49+00",2106,2078
1653,"2021-03-02 20:50:46+00",650,2079
1654,"2021-03-02 20:55:13+00",2102,2080
1655,"2021-03-02 21:01:24+00",1797,2081
1656,"2021-03-02 23:07:44+00",1954,2082
1657,"2021-03-03 00:30:22+00",2112,2083
1658,"2021-03-03 02:12:33+00",2045,2085
1659,"2021-03-03 11:27:46+00",2117,2087
1660,"2021-03-03 12:55:58+00",2118,2088
1661,"2021-03-03 17:46:26+00",2113,2089
1662,"2021-03-02 05:53:27+00",1724,2091
1663,"2021-03-03 21:50:11+00",1724,2092
1664,"2021-03-03 21:57:33+00",2102,2093
1665,"2021-03-03 22:59:54+00",2125,2094
1666,"2021-03-03 23:04:42+00",2125,2101
1667,"2021-03-04 01:11:43+00",2131,2102
1668,"2021-03-04 11:28:00+00",1954,2103
1669,"2021-03-04 18:20:23+00",1559,2104
1670,"2021-03-04 21:38:32+00",1797,2105
1671,"2021-03-04 23:51:35+00",2096,2106
1672,"2021-03-04 23:56:01+00",2136,2107
1673,"2021-03-04 23:57:21+00",2136,2108
1674,"2021-03-05 00:01:41+00",1828,2109
1675,"2021-03-05 00:38:02+00",1724,2110
1676,"2021-03-05 02:48:04+00",1828,2111
1677,"2021-03-05 07:01:34+00",2045,2112
1678,"2021-03-05 07:47:32+00",2140,2113
1679,"2021-03-05 12:24:01+00",1954,2114
1680,"2021-03-05 14:55:21+00",1559,2115
1681,"2021-03-05 14:55:46+00",2145,2116
1682,"2021-03-05 16:05:55+00",1920,2119
1683,"2021-03-05 19:30:04+00",1463,2120
1684,"2021-03-05 19:38:27+00",1920,2121
1685,"2021-03-06 01:54:43+00",2145,2122
1686,"2021-03-06 02:33:54+00",1724,2123
1687,"2021-03-06 09:45:28+00",1920,2124
1688,"2021-03-06 10:54:09+00",2145,2125
1689,"2021-03-06 15:29:06+00",2145,2128
1691,"2021-03-06 15:42:10+00",2153,2130
1693,"2021-03-06 23:27:00+00",1954,2132
1694,"2021-03-07 08:02:49+00",2045,2133
1695,"2021-03-07 08:34:38+00",2099,2134
1696,"2021-03-07 09:03:41+00",1913,2137
1697,"2021-03-07 12:45:44+00",2145,2139
1698,"2021-03-07 18:52:25+00",1463,2142
1700,"2021-03-07 22:08:08+00",1954,2144
1702,"2021-03-07 23:01:31+00",1724,2146
1703,"2021-03-08 08:06:20+00",1463,2147
1704,"2021-03-08 18:39:24+00",2170,2149
1705,"2021-03-08 20:36:41+00",1724,2150
1706,"2021-03-08 21:59:13+00",2170,2151
1708,"2021-03-09 00:25:39+00",2145,2153
1709,"2021-03-09 11:16:09+00",2145,2157
1710,"2021-03-09 14:49:46+00",1463,2158
1711,"2021-03-09 14:49:46+00",1463,2159
1712,"2021-03-09 16:10:01+00",2170,2160
1713,"2021-03-09 20:30:40+00",2145,2161
1714,"2021-03-10 00:14:01+00",1828,2162
1715,"2021-03-10 00:40:27+00",1828,2163
1716,"2021-03-10 07:36:20+00",2204,2164
1717,"2021-03-10 08:19:30+00",1463,2166
1718,"2021-03-10 09:22:05+00",2199,2167
1719,"2021-03-10 09:34:40+00",2170,2168
1720,"2021-03-10 09:47:25+00",2200,2169
1722,"2021-03-10 14:14:31+00",1724,2171
1723,"2021-03-10 15:54:54+00",2145,2172
1724,"2021-03-10 11:26:38+00",2207,2173
1726,"2021-03-10 18:38:43+00",1954,2178
1727,"2021-03-10 21:47:40+00",2217,2179
1728,"2021-03-10 23:28:30+00",2220,2181
1730,"2021-03-10 16:20:57+00",2211,2184
1732,"2021-03-11 06:29:55+00",2204,2186
1733,"2021-03-11 10:46:17+00",2145,2191
1734,"2021-03-11 13:13:05+00",1920,2194
1735,"2021-03-11 14:00:26+00",2200,2195
1736,"2021-03-11 14:36:11+00",399,2196
1737,"2021-03-11 06:17:56+00",2211,2197
1738,"2021-03-11 16:08:36+00",2211,2198
1739,"2021-03-11 17:25:14+00",2170,2199
1740,"2021-03-11 17:31:35+00",2205,2200
1742,"2021-03-11 18:51:06+00",2170,2202
1743,"2021-03-11 18:51:11+00",2229,2203
1744,"2021-03-11 20:21:59+00",2231,2204
1745,"2021-03-11 20:52:00+00",2221,2205
1746,"2021-03-11 21:15:17+00",2170,2206
1748,"2021-03-11 23:43:27+00",2236,2208
1749,"2021-03-11 18:09:53+00",1724,2210
1750,"2021-03-12 01:20:10+00",1724,2211
1751,"2021-03-12 03:05:35+00",2229,2212
1752,"2021-03-12 03:50:14+00",2145,2213
1753,"2021-03-12 07:19:11+00",399,2215
1754,"2021-03-12 10:39:08+00",2240,2216
1755,"2021-03-12 11:20:08+00",2145,2218
1756,"2021-03-12 16:03:59+00",2241,2219
1757,"2021-03-12 17:33:37+00",2243,2221
1758,"2021-03-12 20:02:54+00",2229,2222
1760,"2021-03-12 21:55:26+00",2170,2225
1762,"2021-03-12 22:05:05+00",650,2227
1764,"2021-03-12 23:00:02+00",2245,2229
1765,"2021-03-13 08:38:12+00",399,2230
1766,"2021-03-12 22:06:06+00",650,2231
1767,"2021-03-13 11:05:52+00",2145,2233
1768,"2021-03-13 14:16:53+00",2248,2234
1769,"2021-03-12 20:45:18+00",2211,2236
1771,"2021-03-13 17:21:13+00",2229,2238
1772,"2021-03-13 17:43:36+00",2170,2239
1773,"2021-03-13 18:39:54+00",2250,2240
1774,"2021-03-13 22:05:55+00",2170,2241
1775,"2021-03-13 22:21:48+00",2165,2243
1776,"2021-03-14 02:03:48+00",1724,2244
1777,"2021-03-14 03:35:33+00",2257,2245
1778,"2021-03-14 10:31:17+00",2170,2246
1779,"2021-03-14 12:10:53+00",2204,2247
1780,"2021-03-14 20:44:02+00",2145,2248
1782,"2021-03-14 21:26:22+00",2243,2251
1783,"2021-03-15 06:44:58+00",2265,2252
1784,"2021-03-15 10:14:05+00",2145,2253
1785,"2021-03-15 10:24:29+00",2170,2254
1786,"2021-03-15 10:45:25+00",2266,2255
1788,"2021-03-13 15:44:07+00",2211,2257
1790,"2021-03-15 19:23:40+00",2165,2259
1791,"2021-03-15 20:05:20+00",1797,2260
1792,"2021-03-15 22:53:05+00",1724,2261
1793,"2021-03-16 02:31:56+00",2265,2262
1794,"2021-03-16 13:18:23+00",2170,2263
1795,"2021-03-16 15:02:27+00",1724,2264
1796,"2021-03-16 15:04:25+00",2170,2265
1797,"2021-03-16 15:10:34+00",1920,2266
1798,"2021-03-16 16:24:39+00",2265,2267
1799,"2021-03-16 17:17:58+00",2170,2268
1800,"2021-03-16 18:11:13+00",2229,2269
1801,"2021-03-16 19:55:04+00",2170,2270
1802,"2021-03-16 20:52:47+00",2165,2271
1803,"2021-03-17 06:54:13+00",2286,2272
1804,"2021-03-17 14:11:42+00",1559,2273
1805,"2021-03-17 16:59:10+00",2165,2275
1807,"2021-03-17 18:14:14+00",2170,2277
1808,"2021-03-17 18:25:16+00",2265,2278
1809,"2021-03-17 20:49:54+00",2170,2280
1811,"2021-03-17 22:57:38+00",2296,2282
1813,"2021-03-17 23:09:16+00",2297,2284
1814,"2021-03-18 08:18:56+00",2145,2285
1815,"2021-03-18 10:16:43+00",2170,2287
1816,"2021-03-18 15:34:52+00",1463,2288
1817,"2021-03-18 16:00:58+00",2170,2289
1818,"2021-03-18 17:10:11+00",2165,2291
1819,"2021-03-18 23:04:33+00",1920,2293
1820,"2021-03-18 23:44:53+00",650,2294
1821,"2021-03-17 21:37:33+00",2295,2295
1822,"2021-03-19 10:41:33+00",2145,2296
1823,"2021-03-19 10:50:12+00",2313,2299
1824,"2021-03-19 14:29:52+00",2316,2301
1825,"2021-03-19 18:06:09+00",2145,2302
1826,"2021-03-19 18:34:50+00",2318,2305
1827,"2021-03-19 19:04:56+00",2319,2306
1829,"2021-03-19 21:23:42+00",2170,2309
1830,"2021-03-20 03:29:28+00",1724,2310
1831,"2021-03-20 16:23:03+00",2165,2311
1832,"2021-03-20 16:52:53+00",2205,2312
1833,"2021-03-20 16:53:11+00",2205,2313
1834,"2021-03-20 23:44:17+00",2333,2314
1835,"2021-03-20 23:47:18+00",2333,2316
1836,"2021-03-17 17:47:40+00",2211,2317
1839,"2021-03-21 10:58:38+00",2145,2320
1840,"2021-03-21 12:28:12+00",2336,2321
1841,"2021-03-21 17:19:21+00",650,2323
1842,"2021-03-21 06:45:11+00",2211,2324
1844,"2021-03-21 18:00:38+00",2211,2326
1845,"2021-03-21 23:11:19+00",1920,2327
1846,"2021-03-22 01:17:26+00",1724,2328
1847,"2021-03-22 01:25:34+00",2229,2329
1848,"2021-03-22 04:57:59+00",2344,2330
1849,"2021-03-22 07:51:40+00",2344,2332
1850,"2021-03-22 07:52:01+00",2344,2333
1851,"2021-03-22 10:21:13+00",2337,2335
1852,"2021-03-22 11:07:54+00",2170,2336
1853,"2021-03-22 11:17:20+00",2145,2337
1854,"2021-03-22 13:46:55+00",1559,2338
1855,"2021-03-22 15:28:09+00",2165,2339
1856,"2021-03-22 16:23:53+00",2170,2340
1857,"2021-03-22 16:27:24+00",1724,2341
1859,"2021-03-22 18:18:14+00",2170,2343
1860,"2021-03-22 18:43:47+00",2344,2344
1861,"2021-03-22 19:28:43+00",2344,2346
1862,"2021-03-22 20:22:04+00",2170,2347
1863,"2021-03-22 20:49:25+00",2358,2348
1864,"2021-03-22 20:49:35+00",2359,2349
1865,"2021-03-22 20:50:30+00",2358,2350
1866,"2021-03-22 20:57:43+00",2344,2351
1867,"2021-03-22 21:02:11+00",2316,2355
1868,"2021-03-22 21:18:57+00",2165,2362
1869,"2021-03-22 21:35:53+00",2356,2363
1870,"2021-03-23 00:31:03+00",2344,2364
1871,"2021-03-23 01:20:47+00",2361,2366
1872,"2021-03-23 01:38:17+00",2360,2367
1874,"2021-03-23 06:53:14+00",2344,2370
1875,"2021-03-23 06:56:34+00",2204,2371
1876,"2021-03-23 07:20:48+00",2356,2372
1878,"2021-03-23 10:56:44+00",2145,2374
1879,"2021-03-23 11:39:34+00",1724,2377
1880,"2021-03-23 12:28:46+00",2365,2378
1881,"2021-03-23 13:10:47+00",399,2379
1882,"2021-03-23 13:37:15+00",2170,2380
1883,"2021-03-23 13:53:41+00",2365,2381
1884,"2021-03-23 14:01:43+00",2365,2382
1885,"2021-03-23 14:07:22+00",2365,2383
1886,"2021-03-23 14:11:45+00",2365,2384
1887,"2021-03-23 14:34:04+00",2365,2385
1888,"2021-03-23 15:38:38+00",2165,2386
1889,"2021-03-23 16:03:22+00",2367,2387
1890,"2021-03-23 16:28:16+00",2145,2389
1891,"2021-03-23 19:17:07+00",2358,2391
1892,"2021-03-23 19:21:16+00",2170,2393
1893,"2021-03-23 20:21:46+00",2170,2394
1894,"2021-03-23 20:47:55+00",2229,2395
1895,"2021-03-24 03:19:51+00",2379,2396
1896,"2021-03-24 03:32:16+00",2344,2397
1897,"2021-03-24 05:20:48+00",2380,2398
1898,"2021-03-24 06:47:42+00",2356,2399
1899,"2021-03-24 07:10:04+00",2344,2400
1900,"2021-03-24 08:08:34+00",2204,2402
1902,"2021-03-24 10:19:43+00",2145,2404
1903,"2021-03-24 11:01:21+00",2170,2405
1904,"2021-03-24 11:05:42+00",2385,2406
1906,"2021-03-24 17:01:30+00",1559,2408
1908,"2021-03-24 18:13:47+00",2170,2410
1909,"2021-03-24 19:59:41+00",2387,2411
1910,"2021-03-24 20:19:56+00",2391,2416
1911,"2021-03-24 21:09:10+00",2165,2417
1912,"2021-03-24 21:19:16+00",1954,2418
1913,"2021-03-24 22:26:06+00",2358,2419
1914,"2021-03-24 22:26:53+00",2393,2420
1915,"2021-03-25 07:42:19+00",2391,2421
1916,"2021-03-25 08:36:26+00",2358,2422
1917,"2021-03-25 12:09:49+00",2398,2423
1918,"2021-03-25 12:25:07+00",2399,2424
1919,"2021-03-25 13:34:51+00",2145,2426
1920,"2021-03-25 13:49:24+00",2165,2427
1921,"2021-03-25 14:38:45+00",2401,2428
1922,"2021-03-25 15:10:11+00",2385,2429
1923,"2021-03-24 17:16:02+00",2211,2430
1924,"2021-03-25 15:29:45+00",2211,2431
1925,"2021-03-25 16:11:10+00",2358,2432
1926,"2021-03-25 16:34:41+00",2402,2433
1927,"2021-03-25 16:35:03+00",2402,2434
1929,"2021-03-25 18:08:31+00",2358,2437
1930,"2021-03-25 18:37:44+00",2344,2438
1931,"2021-03-25 20:06:12+00",2387,2439
1932,"2021-03-25 20:48:09+00",2344,2444
1933,"2021-03-25 22:23:08+00",2344,2445
1934,"2021-03-26 02:14:39+00",2407,2446
1935,"2021-03-26 02:15:06+00",2407,2447
1936,"2021-03-26 05:20:39+00",2409,2448
1937,"2021-03-26 09:59:28+00",2145,2449
1938,"2021-03-26 10:19:20+00",2170,2450
1939,"2021-03-24 12:50:45+00",1724,2453
1941,"2021-03-26 15:51:21+00",2211,2455
1942,"2021-03-26 17:16:18+00",2358,2456
1943,"2021-03-26 17:50:41+00",2165,2457
1944,"2021-03-23 09:09:33+00",2361,2458
1945,"2021-03-26 20:29:07+00",2361,2459
1946,"2021-03-26 20:29:17+00",2361,2460
1947,"2021-03-26 20:47:17+00",2228,2461
1948,"2021-03-26 21:27:09+00",399,2462
1949,"2021-03-26 22:13:33+00",2385,2463
1950,"2021-03-26 23:46:06+00",2344,2464
1951,"2021-03-27 09:20:24+00",2358,2465
1952,"2021-03-27 11:09:07+00",2145,2466
1953,"2021-03-27 18:03:44+00",2416,2468
1954,"2021-03-27 18:38:22+00",2393,2469
1955,"2021-03-27 18:59:47+00",650,2470
1956,"2021-03-27 20:17:31+00",2418,2471
1957,"2021-03-27 20:35:35+00",2387,2475
1958,"2021-03-27 21:20:49+00",2361,2476
1959,"2021-03-27 22:08:36+00",2165,2477
1960,"2021-03-27 22:09:20+00",2344,2478
1961,"2021-03-27 22:48:20+00",2385,2479
1962,"2021-03-27 22:58:12+00",2145,2480
1963,"2021-03-27 23:21:52+00",2344,2482
1964,"2021-03-28 09:54:33+00",211,2483
1965,"2021-03-28 11:30:13+00",2145,2484
1967,"2021-03-28 11:59:27+00",2426,2486
1968,"2021-03-24 09:21:24+00",2322,2487
1970,"2021-03-28 12:48:34+00",2425,2490
1971,"2021-03-28 15:35:51+00",1724,2491
1972,"2021-03-28 18:42:42+00",2429,2492
1973,"2021-03-28 20:42:21+00",2165,2495
1974,"2021-03-28 20:45:02+00",1954,2496
1975,"2021-03-28 21:29:48+00",676,2497
1976,"2021-03-28 21:35:47+00",2358,2498
1977,"2021-03-28 22:03:51+00",2170,2499
1978,"2021-03-29 01:03:49+00",2344,2500
1979,"2021-03-29 01:04:05+00",2344,2501
1980,"2021-03-29 02:42:26+00",2432,2502
1981,"2021-03-29 02:45:50+00",2433,2503
1982,"2021-03-29 05:08:59+00",2434,2504
1983,"2021-03-29 05:09:33+00",2434,2505
1985,"2021-03-29 10:36:05+00",2145,2508
1986,"2021-03-29 17:12:48+00",1559,2509
1987,"2021-03-29 18:32:10+00",2170,2510
1988,"2021-03-29 21:40:41+00",2439,2512
1989,"2021-03-29 22:31:32+00",2441,2516
1990,"2021-03-29 23:31:55+00",2442,2518
1991,"2021-03-30 01:04:03+00",2444,2519
1992,"2021-03-30 06:50:24+00",2443,2522
1993,"2021-03-30 07:33:16+00",399,2523
1994,"2021-03-30 09:35:22+00",2145,2524
1995,"2021-03-30 13:35:00+00",1559,2526
1996,"2021-03-30 15:34:12+00",2452,2527
1997,"2021-03-30 16:03:17+00",2165,2528
1998,"2021-03-30 21:00:05+00",2455,2529
1999,"2021-03-30 21:12:35+00",2361,2530
2000,"2021-03-30 21:44:46+00",2358,2531
2001,"2021-03-30 21:54:23+00",2358,2532
2002,"2021-03-31 00:38:50+00",2455,2533
2003,"2021-03-31 00:40:16+00",1724,2534
2004,"2021-03-31 01:19:23+00",2145,2535
2005,"2021-03-31 02:25:44+00",202,2539
2006,"2021-03-31 02:29:10+00",2455,2540
2007,"2021-03-31 07:39:40+00",2393,2543
2008,"2021-03-31 09:19:10+00",2145,2544
2009,"2021-03-31 12:14:35+00",2459,2548
2010,"2021-03-31 13:29:59+00",2460,2550
2011,"2021-03-31 13:35:11+00",1559,2551
2012,"2021-03-31 15:05:03+00",2358,2552
2013,"2021-03-31 17:49:44+00",399,2553
2015,"2021-03-31 20:25:41+00",2165,2555
2017,"2021-03-31 22:22:20+00",2145,2557
2050,"2021-04-01 04:58:08+00",2455,2590
2051,"2021-04-01 10:23:28+00",2145,2591
2052,"2021-04-01 12:27:05+00",2503,2592
2053,"2021-04-01 14:57:20+00",2508,2593
2054,"2021-04-01 15:40:24+00",2507,2594
2055,"2021-04-01 19:08:59+00",2500,2595
2056,"2021-04-01 19:52:20+00",2455,2599
2058,"2021-04-01 20:57:54+00",2145,2601
2059,"2021-04-01 21:07:42+00",2513,2605
2061,"2021-04-01 22:00:57+00",2165,2611
2062,"2021-04-02 01:47:07+00",2513,2614
2063,"2021-04-02 02:09:49+00",650,2615
2064,"2021-04-02 06:37:55+00",2516,2616
2065,"2021-04-02 06:41:27+00",2517,2617
2066,"2021-04-02 08:46:38+00",2385,2619
2067,"2021-04-02 08:47:23+00",399,2620
2068,"2021-04-02 10:37:14+00",2145,2623
2071,"2021-04-02 20:53:03+00",2513,2628
2072,"2021-04-02 21:14:27+00",2455,2629
2073,"2021-04-02 21:25:23+00",2145,2630
2074,"2021-04-02 21:40:23+00",2517,2634
2075,"2021-04-02 22:02:54+00",2072,2635
2076,"2021-03-29 06:39:32+00",2356,2638
2077,"2021-04-03 10:13:27+00",2356,2639
2078,"2021-04-03 10:26:21+00",2145,2640
2079,"2021-04-03 11:38:23+00",2517,2644
2080,"2021-04-03 14:30:23+00",2453,2645
2081,"2021-04-03 19:46:44+00",2513,2647
2082,"2021-04-03 23:15:02+00",2356,2649
2083,"2021-04-04 00:49:29+00",2525,2650
2084,"2021-04-04 09:47:52+00",2356,2651
2085,"2021-04-02 16:47:49+00",1724,2652
2087,"2021-04-04 18:31:15+00",2517,2654
2088,"2021-04-04 20:13:23+00",2145,2655
2089,"2021-04-04 21:10:04+00",2455,2659
2090,"2021-04-05 00:09:21+00",2513,2660
2091,"2021-04-05 01:09:51+00",2533,2661
2092,"2021-04-05 01:10:13+00",2533,2662
2093,"2021-04-04 18:10:26+00",1724,2663
2094,"2021-04-05 04:40:08+00",2535,2664
2095,"2021-04-05 08:47:18+00",2356,2665
2098,"2021-04-05 14:17:15+00",2538,2668
2099,"2021-04-05 15:54:28+00",2427,2669
2100,"2021-04-05 16:16:27+00",2453,2670
2101,"2021-04-05 16:19:41+00",2145,2672
2102,"2021-04-05 17:26:21+00",2513,2673
2103,"2021-04-05 20:54:06+00",2517,2674
2104,"2021-04-05 23:52:00+00",2533,2675
2105,"2021-04-05 14:11:29+00",1724,2676
2106,"2021-04-06 04:15:18+00",2545,2677
2107,"2021-04-06 09:02:32+00",1929,2678
2108,"2021-04-06 11:36:33+00",2523,2682
2109,"2021-04-06 11:56:17+00",2538,2684
2110,"2021-04-06 13:04:52+00",2547,2685
2111,"2021-04-06 14:02:58+00",2459,2686
2112,"2021-04-06 15:41:41+00",2548,2688
2113,"2021-04-06 17:55:33+00",2517,2690
2114,"2021-04-06 18:57:39+00",2549,2691
2115,"2021-04-06 20:13:58+00",2344,2692
2116,"2021-04-07 01:00:53+00",2555,2694
2117,"2021-04-07 03:06:04+00",2557,2697
2118,"2021-04-07 09:19:06+00",2145,2699
2119,"2021-04-07 12:37:34+00",2538,2700
2121,"2021-04-07 15:20:01+00",2336,2702
2122,"2021-04-07 17:37:47+00",650,2703
2123,"2021-04-07 20:01:05+00",2344,2704
2124,"2021-04-07 22:00:53+00",2517,2707
2125,"2021-04-07 23:04:26+00",2564,2708
2126,"2021-04-07 23:16:23+00",2563,2709
2127,"2021-04-08 01:33:56+00",2344,2711
2128,"2021-04-08 02:25:44+00",2228,2712
2129,"2021-03-25 16:49:13+00",2403,2713
2130,"2021-04-08 16:29:30+00",2572,2714
2131,"2021-04-08 20:32:20+00",2513,2715
2132,"2021-04-07 13:20:12+00",1724,2716
2133,"2021-04-08 20:47:01+00",1724,2717
2134,"2021-04-09 02:28:05+00",2344,2718
2135,"2021-04-09 03:51:25+00",2580,2719
2136,"2021-04-09 08:13:54+00",2344,2720
2137,"2021-04-09 08:20:45+00",46,2721
2138,"2021-04-09 10:01:35+00",1724,2723
2139,"2021-04-09 11:36:57+00",2145,2724
2140,"2021-04-09 14:15:52+00",2585,2728
2142,"2021-04-09 18:14:38+00",2584,2730
2143,"2021-04-09 18:15:33+00",2538,2731
2144,"2021-04-09 19:05:31+00",2539,2732
2145,"2021-04-09 19:06:21+00",2165,2733
2146,"2021-04-09 21:34:31+00",2588,2734
2147,"2021-04-10 09:54:44+00",2145,2735
2149,"2021-04-10 14:20:23+00",2592,2737
2150,"2021-04-10 17:24:49+00",399,2738
2151,"2021-04-10 21:10:06+00",2165,2739
2152,"2021-04-10 21:31:11+00",2517,2740
2153,"2021-04-11 02:59:27+00",2591,2741
2154,"2021-04-11 04:18:44+00",2573,2743
2155,"2021-04-11 08:27:38+00",399,2744
2156,"2021-04-11 10:30:12+00",2145,2746
2157,"2021-04-11 10:54:03+00",2336,2749
2158,"2021-04-11 16:39:29+00",2600,2750
2159,"2021-04-12 07:09:04+00",399,2751
2160,"2021-04-12 08:38:12+00",2604,2752
2161,"2021-04-12 12:23:52+00",650,2753
2162,"2021-04-12 13:16:01+00",2608,2754
2163,"2021-04-12 13:25:17+00",2517,2755
2164,"2021-04-12 13:34:55+00",399,2756
2165,"2021-04-12 16:42:48+00",2513,2757
2166,"2021-04-13 00:25:39+00",2145,2758
2167,"2021-04-13 10:52:30+00",2619,2762
2168,"2021-04-13 13:22:13+00",2591,2763
2169,"2021-04-13 14:06:55+00",2608,2764
2170,"2021-04-13 17:12:36+00",399,2765
2171,"2021-04-13 17:13:06+00",399,2766
2172,"2021-04-10 14:10:26+00",1724,2767
2173,"2021-04-13 17:30:00+00",1724,2768
2174,"2021-04-13 20:27:33+00",2517,2769
2175,"2021-04-13 22:01:11+00",2627,2770
2176,"2021-04-13 23:32:37+00",2629,2771
2177,"2021-04-14 01:33:47+00",2145,2772
2178,"2021-04-14 03:15:55+00",2344,2773
2179,"2021-04-14 04:55:16+00",209,2774
2180,"2021-04-14 07:21:51+00",399,2775
2181,"2021-04-14 10:09:58+00",2633,2778
2182,"2021-04-14 11:14:28+00",2630,2779
2183,"2021-04-14 11:15:53+00",2630,2780
2184,"2021-04-14 12:26:30+00",2635,2781
2185,"2021-04-14 22:27:02+00",2626,2784
2186,"2021-04-15 00:37:51+00",2344,2788
2187,"2021-04-15 08:19:32+00",2591,2791
2188,"2021-04-15 08:46:56+00",2626,2792
2189,"2021-04-15 13:11:36+00",2165,2794
2190,"2021-04-15 13:37:56+00",2591,2795
2191,"2021-04-15 17:06:24+00",2648,2796
2192,"2021-04-15 21:01:39+00",2650,2797
2193,"2021-04-15 21:05:33+00",2651,2798
2194,"2021-04-15 21:52:23+00",2653,2799
2195,"2021-04-16 00:07:39+00",2656,2800
2196,"2021-04-17 00:36:31+00",2650,2801
2197,"2021-04-17 01:35:36+00",2660,2802
2198,"2021-04-17 04:36:50+00",2661,2803
2199,"2021-04-17 18:16:46+00",2664,2804
2200,"2021-04-18 00:05:36+00",2626,2806
2201,"2021-04-18 05:54:59+00",2668,2810
2203,"2021-04-18 06:12:39+00",2643,2814
2204,"2021-04-18 08:32:15+00",2344,2817
2205,"2021-04-18 11:47:12+00",1463,2818
2206,"2021-04-18 11:47:25+00",1463,2819
2207,"2021-04-18 14:03:14+00",399,2820
2208,"2021-04-18 15:41:47+00",2669,2821
2209,"2021-04-19 00:50:29+00",2650,2824
2210,"2021-04-19 06:00:23+00",2668,2825
2212,"2021-04-19 07:57:19+00",2680,2829
2213,"2021-04-19 13:47:00+00",2635,2832
2214,"2021-04-19 20:01:31+00",2344,2834
2215,"2021-04-19 20:05:57+00",2671,2835
2216,"2021-04-19 20:43:33+00",2165,2837
2219,"2021-04-20 05:59:07+00",2693,2840
2220,"2021-04-20 06:17:42+00",2668,2841
2222,"2021-04-20 13:46:52+00",2700,2843
2224,"2021-04-20 14:39:09+00",2702,2845
2225,"2021-04-20 14:48:46+00",2704,2846
2226,"2021-04-20 16:42:11+00",2643,2849
2227,"2021-04-20 17:39:34+00",2564,2850
2228,"2021-04-20 19:22:33+00",2626,2851
2229,"2021-04-20 19:33:53+00",2706,2853
2230,"2021-04-20 20:05:32+00",2707,2855
2231,"2021-04-20 23:34:03+00",2694,2856
2232,"2021-04-21 02:11:58+00",2708,2857
2233,"2021-04-21 06:04:38+00",2165,2858
2234,"2021-04-21 07:48:34+00",2709,2859
2235,"2021-04-21 09:32:22+00",2711,2860
2236,"2021-04-21 12:04:33+00",2712,2861
2237,"2021-04-21 12:05:36+00",2712,2862
2238,"2021-04-21 13:50:09+00",2703,2863
2239,"2021-04-21 13:53:54+00",2708,2864
2241,"2021-04-21 14:55:19+00",2704,2867
2242,"2021-04-21 17:49:29+00",650,2868
2243,"2021-04-21 21:40:32+00",2165,2869
2244,"2021-04-22 01:58:10+00",2726,2870
2245,"2021-04-22 10:39:06+00",2145,2871
2246,"2021-04-22 12:16:40+00",2703,2875
2247,"2021-04-22 12:50:59+00",2703,2876
2248,"2021-04-22 13:04:45+00",2626,2878
2250,"2021-04-21 14:25:39+00",2715,2880
2253,"2021-04-22 17:53:18+00",2735,2884
2254,"2021-04-22 18:02:16+00",2736,2885
2255,"2021-04-22 18:13:37+00",2704,2887
2256,"2021-04-22 18:26:00+00",2737,2889
2257,"2021-04-22 21:46:04+00",2165,2890
2258,"2021-04-22 22:44:00+00",2731,2892
2259,"2021-04-22 23:36:48+00",2694,2893
2260,"2021-04-23 04:59:47+00",2691,2894
2261,"2021-04-23 05:07:11+00",2740,2896
2262,"2021-04-23 08:00:51+00",2703,2898
2263,"2021-04-23 13:54:48+00",2737,2901
2264,"2021-04-22 16:18:21+00",2715,2902
2266,"2021-04-23 15:15:19+00",2742,2904
2267,"2021-04-23 15:16:17+00",2742,2905
2268,"2021-04-23 17:06:49+00",2704,2906
2269,"2021-04-23 14:32:35+00",2715,2907
2271,"2021-04-23 18:29:09+00",2703,2909
2272,"2021-04-23 20:20:28+00",2745,2910
2274,"2021-04-24 18:47:53+00",2703,2914
2275,"2021-04-24 20:34:24+00",2703,2915
2276,"2021-04-24 20:53:24+00",2704,2916
2277,"2021-04-24 21:21:26+00",2165,2917
2278,"2021-04-23 17:47:52+00",2715,2918
2280,"2021-04-25 12:17:31+00",2703,2920
2281,"2021-04-25 13:31:00+00",2752,2921
2282,"2021-04-25 13:31:22+00",2752,2922
2283,"2021-04-25 15:20:27+00",2704,2923
2284,"2021-04-25 19:01:38+00",2703,2924
2285,"2021-04-25 21:47:30+00",2165,2925
2286,"2021-04-25 22:09:27+00",2668,2926
2287,"2021-04-24 23:15:18+00",2715,2927
2290,"2021-04-26 08:34:30+00",2703,2930
2291,"2021-04-26 11:27:04+00",2703,2931
2292,"2021-04-26 11:52:55+00",2761,2932
2293,"2021-04-25 22:30:58+00",2715,2934
2295,"2021-04-26 14:18:52+00",1463,2936
2296,"2021-04-26 16:36:16+00",2763,2937
2297,"2021-04-26 16:59:38+00",2703,2938
2298,"2021-04-26 17:40:48+00",2762,2939
2299,"2021-04-26 11:56:47+00",2715,2940
2301,"2021-04-26 19:02:57+00",2704,2942
2302,"2021-04-26 21:29:42+00",2165,2943
2303,"2021-04-26 21:59:25+00",2766,2944
2304,"2021-04-26 22:31:33+00",2694,2950
2305,"2021-04-26 22:43:37+00",2626,2952
2306,"2021-04-27 06:10:15+00",2763,2953
2307,"2021-04-27 08:38:35+00",2703,2955
2308,"2021-04-27 10:50:14+00",650,2956
2309,"2021-04-27 11:52:43+00",2770,2958
2310,"2021-04-27 12:07:34+00",2703,2959
2311,"2021-04-27 13:43:54+00",2703,2960
2312,"2021-04-27 14:58:32+00",2762,2961
2313,"2021-04-27 17:39:13+00",2763,2963
2314,"2021-04-27 18:26:01+00",2776,2964
2315,"2021-04-27 18:26:20+00",2776,2965
2316,"2021-04-27 18:27:13+00",2776,2966
2317,"2021-04-27 20:19:39+00",2703,2967
2318,"2021-04-26 18:53:14+00",2715,2968
2321,"2021-04-28 09:05:18+00",2777,2971
2322,"2021-04-27 21:28:40+00",2715,2973
2324,"2021-04-28 12:51:51+00",2780,2975
2325,"2021-04-28 13:00:26+00",2762,2976
2326,"2021-04-28 14:27:54+00",2661,2978
2327,"2021-04-28 14:52:08+00",2781,2979
2328,"2021-04-28 15:27:48+00",1052,2980
2329,"2021-04-28 16:46:45+00",2703,2981
2330,"2021-04-28 17:24:51+00",2462,2982
2331,"2021-04-28 17:25:40+00",2462,2983
2332,"2021-04-28 23:33:31+00",2784,2984
2333,"2021-04-29 00:33:52+00",2785,2985
2335,"2021-04-29 02:19:50+00",2691,2987
2336,"2021-04-29 06:14:02+00",2704,2988
2338,"2021-04-26 08:06:53+00",2752,2990
2340,"2021-04-29 07:25:55+00",2784,2992
2341,"2021-04-29 08:23:52+00",2770,2993
2342,"2021-04-29 10:02:42+00",2780,2995
2343,"2021-04-29 10:03:28+00",2344,2997
2344,"2021-04-28 10:07:45+00",2715,2998
2345,"2021-04-29 06:51:07+00",2783,2999
2346,"2021-04-29 12:13:25+00",2703,3000
2347,"2021-04-29 12:34:26+00",2762,3001
2349,"2021-04-29 14:17:35+00",2783,3003
2350,"2021-04-29 14:57:25+00",2626,3004
2351,"2021-04-29 16:23:02+00",2789,3005
2353,"2021-04-29 18:24:19+00",2793,3007
2354,"2021-04-29 20:21:44+00",2165,3008
2355,"2021-04-29 21:07:18+00",2794,3011
2358,"2021-04-30 02:24:38+00",2500,3016
2359,"2021-04-30 05:17:31+00",2800,3017
2360,"2021-04-30 10:01:23+00",2704,3018
2361,"2021-04-29 07:25:17+00",2752,3019
2362,"2021-04-30 10:45:25+00",2703,3020
2363,"2021-04-30 10:46:03+00",2752,3021
2364,"2021-04-30 11:59:53+00",2703,3022
2365,"2021-04-30 13:39:53+00",2703,3023
2366,"2021-04-30 15:36:14+00",2807,3024
2368,"2021-04-30 19:45:17+00",650,3030
2369,"2021-05-01 00:38:16+00",2812,3031
2370,"2021-05-01 00:38:46+00",2812,3032
2371,"2021-05-01 01:54:23+00",2500,3034
2372,"2021-05-01 01:56:26+00",1738,3035
2373,"2021-05-01 05:19:20+00",2815,3038
2374,"2021-04-30 19:06:51+00",2809,3039
2376,"2021-05-01 12:16:32+00",2703,3041
2377,"2021-05-01 12:44:32+00",2626,3042
2378,"2021-05-01 09:03:01+00",2809,3044
2380,"2021-04-29 17:53:31+00",2462,3046
2382,"2021-05-01 16:41:44+00",2762,3048
2383,"2021-05-01 13:17:32+00",2809,3049
2385,"2021-05-01 19:37:56+00",2703,3051
2386,"2021-05-01 21:05:50+00",2794,3052
2387,"2021-05-01 22:21:57+00",2818,3054
2388,"2021-05-01 22:22:10+00",2818,3055
2389,"2021-05-02 06:09:45+00",2777,3056
2390,"2021-05-01 13:23:12+00",2462,3057
2392,"2021-05-01 19:34:19+00",2809,3059
2394,"2021-05-02 14:36:15+00",2793,3061
2396,"2021-05-02 14:50:51+00",2809,3063
2397,"2021-05-02 16:43:19+00",2807,3064
2398,"2021-05-02 17:07:19+00",2762,3065
2399,"2021-05-02 17:42:24+00",2704,3066
2400,"2021-05-02 18:25:27+00",2703,3067
2401,"2021-05-02 19:46:41+00",2626,3068
2403,"2021-05-02 20:28:36+00",2165,3070
2405,"2021-05-02 22:57:21+00",2823,3072
2406,"2021-05-03 00:44:42+00",2436,3074
2409,"2021-05-03 05:59:01+00",650,3077
2410,"2021-05-02 08:44:31+00",2462,3081
2412,"2021-05-03 09:12:29+00",2703,3083
2413,"2021-05-03 12:34:28+00",2703,3084
2414,"2021-05-03 14:53:16+00",2626,3086
2415,"2021-05-03 15:28:06+00",2783,3087
2416,"2021-05-03 16:55:28+00",1463,3088
2417,"2021-05-03 16:56:03+00",2703,3089
2418,"2021-05-03 18:21:53+00",2704,3090
2419,"2021-05-03 19:52:57+00",2777,3091
2420,"2021-05-02 20:25:15+00",2809,3092
2422,"2021-05-03 21:12:28+00",2835,3094
2423,"2021-05-03 21:21:08+00",2777,3095
2425,"2021-05-04 07:03:14+00",2626,3098
2426,"2021-05-04 09:52:12+00",2703,3100
2427,"2021-05-04 12:04:22+00",2841,3101
2428,"2021-05-04 12:31:52+00",2703,3102
2429,"2021-05-04 14:33:44+00",2703,3103
2430,"2021-05-04 17:38:16+00",2845,3106
2431,"2021-05-04 17:50:49+00",2626,3107
2432,"2021-05-03 19:56:01+00",2809,3108
2434,"2021-05-04 19:08:51+00",2777,3110
2435,"2021-05-04 20:25:52+00",2704,3111
2436,"2021-05-04 20:38:28+00",2165,3112
2437,"2021-05-02 10:42:13+00",2794,3113
2439,"2021-05-05 00:36:12+00",2626,3115
2440,"2021-05-05 02:31:02+00",2849,3117
2441,"2021-05-05 07:11:54+00",2845,3119
2442,"2021-05-05 08:32:59+00",2777,3120
2443,"2021-05-05 11:15:18+00",2849,3121
2444,"2021-05-05 11:19:29+00",2703,3122
2445,"2021-05-05 13:03:03+00",2762,3123
2446,"2021-05-04 19:07:30+00",2809,3125
2447,"2021-05-05 19:26:57+00",2809,3126
2448,"2021-05-05 20:30:14+00",2854,3127
2449,"2021-05-05 20:46:17+00",2704,3128
2450,"2021-05-05 21:00:57+00",2780,3129
2451,"2021-05-06 11:26:16+00",2777,3130
2452,"2021-05-06 11:40:52+00",2626,3132
2453,"2021-05-06 14:34:09+00",2840,3134
2454,"2021-05-06 14:42:05+00",2864,3135
2456,"2021-05-06 14:50:58+00",2865,3142
2457,"2021-05-03 08:50:49+00",2462,3144
2458,"2021-05-06 19:07:29+00",2462,3145
2459,"2021-05-06 20:23:02+00",2703,3146
2460,"2021-05-06 20:54:58+00",2704,3147
2461,"2021-05-06 22:20:48+00",2626,3149
2462,"2021-05-07 02:29:27+00",2869,3150
2463,"2021-05-07 02:47:31+00",2858,3151
2464,"2021-05-07 03:05:00+00",1738,3152
2465,"2021-05-07 05:07:35+00",2061,3153
2466,"2021-05-07 07:09:01+00",2845,3154
2467,"2021-05-07 09:27:08+00",2703,3155
2468,"2021-05-07 10:48:59+00",2626,3157
2469,"2021-05-07 11:21:47+00",2762,3158
2470,"2021-05-07 12:42:09+00",2872,3159
2471,"2021-05-07 12:51:39+00",2436,3160
2472,"2021-05-07 13:06:31+00",2762,3161
2473,"2021-05-07 14:28:10+00",2703,3162
2474,"2021-05-07 16:45:52+00",2815,3163
2476,"2021-05-07 20:35:07+00",2869,3165
2477,"2021-05-07 20:50:25+00",2704,3166
2478,"2021-05-08 07:35:26+00",2165,3167
2479,"2021-05-08 12:33:09+00",2864,3168
2480,"2021-05-08 13:27:59+00",2703,3169
2481,"2021-05-03 03:01:46+00",2825,3170
2482,"2021-05-08 16:55:40+00",2436,3171
2483,"2021-05-08 21:54:57+00",650,3174
2484,"2021-05-09 01:40:28+00",2869,3177
2485,"2021-05-09 02:59:04+00",2880,3178
2486,"2021-05-09 04:41:08+00",2841,3179
2487,"2021-05-09 07:28:12+00",2777,3181
2488,"2021-05-09 09:36:13+00",2882,3182
2489,"2021-05-09 10:00:06+00",2762,3186
2490,"2021-05-09 15:05:44+00",2703,3188
2491,"2021-05-09 21:07:04+00",2883,3189
2492,"2021-05-09 21:25:05+00",2770,3190
2493,"2021-05-09 22:04:14+00",2165,3191
2494,"2021-05-10 02:48:30+00",2880,3192
2495,"2021-05-10 04:17:55+00",2869,3193
2496,"2021-05-10 05:49:11+00",2500,3194
2497,"2021-05-10 06:16:11+00",2887,3196
2498,"2021-05-10 07:25:45+00",2703,3197
2499,"2021-05-10 07:43:32+00",2626,3198
2500,"2021-05-10 16:03:33+00",2893,3199
2501,"2021-05-10 16:58:25+00",2704,3200
2502,"2021-05-10 19:07:10+00",2165,3202
2503,"2021-05-10 19:09:34+00",2893,3203
2504,"2021-05-10 20:48:14+00",2344,3204
2505,"2021-05-10 21:30:29+00",2895,3205
2506,"2021-05-10 22:45:22+00",2896,3206
2508,"2021-05-11 07:52:03+00",2703,3209
2509,"2021-05-11 10:20:26+00",2891,3210
2510,"2021-05-11 11:11:56+00",2905,3211
2511,"2021-05-11 11:51:41+00",2908,3212
2512,"2021-05-11 12:08:44+00",2703,3214
2513,"2021-05-11 18:29:54+00",2909,3215
2514,"2021-05-11 18:39:18+00",2887,3216
2515,"2021-05-11 19:00:27+00",2777,3217
2516,"2021-05-11 19:43:13+00",2704,3218
2517,"2021-05-11 21:02:12+00",2912,3219
2518,"2021-05-11 21:33:31+00",2165,3220
2519,"2021-05-11 23:20:04+00",2915,3221
2520,"2021-05-12 03:52:25+00",2869,3223
2521,"2021-05-12 09:12:59+00",2626,3225
2522,"2021-05-12 09:39:33+00",2919,3226
2523,"2021-05-12 12:46:52+00",2864,3228
2524,"2021-05-12 13:49:58+00",2703,3229
2525,"2021-05-12 14:42:32+00",2912,3230
2526,"2021-05-12 16:35:47+00",2436,3231
2527,"2021-05-04 20:40:18+00",2794,3232
2528,"2021-05-12 20:24:30+00",2777,3233
2529,"2021-05-13 02:42:20+00",2908,3234
2530,"2021-05-13 02:53:22+00",2869,3235
2531,"2021-05-13 08:05:44+00",2929,3236
2532,"2021-05-13 10:24:52+00",2703,3237
2533,"2021-05-13 15:02:29+00",2777,3239
2534,"2021-05-13 16:02:36+00",2933,3240
2535,"2021-05-13 16:55:19+00",650,3241
2536,"2021-05-07 20:34:03+00",2809,3243
2537,"2021-05-13 18:16:38+00",2704,3245
2538,"2021-05-13 20:19:01+00",2935,3246
2539,"2021-05-13 20:23:18+00",2703,3247
2540,"2021-05-13 21:17:29+00",2936,3248
2541,"2021-05-13 23:37:20+00",202,3250
2542,"2021-05-14 01:15:35+00",2937,3251
2543,"2021-05-14 02:07:10+00",2932,3252
2544,"2021-05-14 04:03:03+00",2446,3253
2545,"2021-05-14 04:07:47+00",2938,3255
2546,"2021-05-14 04:10:01+00",2869,3256
2547,"2021-05-14 05:58:23+00",2940,3257
2548,"2021-05-14 06:14:27+00",2935,3258
2549,"2021-05-14 10:17:03+00",2626,3259
2550,"2021-05-14 10:26:51+00",2891,3260
2551,"2021-05-14 12:02:44+00",2935,3261
2552,"2021-05-14 13:00:31+00",2703,3262
2553,"2021-05-14 14:43:09+00",2436,3263
2554,"2021-05-14 15:55:01+00",2704,3264
2555,"2021-05-14 16:06:23+00",2935,3265
2556,"2021-05-14 17:28:01+00",2935,3267
2557,"2021-05-14 22:20:44+00",2940,3268
2558,"2021-05-15 02:24:48+00",2887,3269
2559,"2021-05-15 11:40:50+00",2893,3270
2560,"2021-05-15 12:16:13+00",2935,3271
2561,"2021-05-15 15:56:10+00",2935,3272
2562,"2021-05-15 18:40:41+00",2935,3273
2563,"2021-05-15 19:05:49+00",2935,3274
2564,"2021-05-15 20:19:49+00",2165,3275
2565,"2021-05-15 22:23:59+00",2935,3276
2566,"2021-05-15 22:39:37+00",2935,3278
2567,"2021-05-15 22:43:17+00",2940,3279
2568,"2021-05-15 22:50:10+00",2935,3280
2569,"2021-05-16 00:44:00+00",2935,3281
2570,"2021-05-16 03:23:34+00",2940,3282
2571,"2021-05-11 03:19:18+00",2900,3283
2572,"2021-05-16 04:29:00+00",2948,3284
2573,"2021-05-16 05:50:48+00",2940,3286
2574,"2021-05-16 08:31:53+00",2935,3287
2577,"2021-05-16 11:27:34+00",2940,3290
2578,"2021-05-16 11:36:00+00",2935,3291
2580,"2021-05-16 12:35:00+00",2935,3293
2581,"2021-05-16 12:52:32+00",2935,3294
2582,"2021-05-16 13:25:38+00",2935,3295
2583,"2021-05-16 16:25:57+00",2935,3296
2584,"2021-05-16 16:38:30+00",2935,3297
2585,"2021-05-16 17:15:33+00",2935,3298
2586,"2021-05-16 17:49:10+00",2703,3299
2588,"2021-05-16 18:58:18+00",2704,3301
2589,"2021-05-16 19:18:13+00",2954,3302
